"id","visited","name","address","city","state","zip","user","location","sample","tesla_network","tesla_compatible","excluded","vehicle_type","count_level1","count_level2","count_dcfast","network"
"25514","1","Stars Recreation Center","155 Browns Valley Pkwy","Vacaville","CA","95688","laulin@ucdavis.edu","(-121.967, 38.36557","1","0","1","0","CCS","0","4","0","Non-Networked"
"25515","1","City of Vacaville - Regional Transport Center","190 Hickory Ln","Vacaville","CA","95688","dchau@ucdavis.edu","(-121.987, 38.35172","1","0","1","0","Adapter","0","2","0","Non-Networked"
"25517","1","KUIC Radio - Parking Lot","500 Catherine St","Vacaville","CA","95688","bnolszewski@ucdavis.edu","(-121.9862, 38.355867","1","0","1","0","CCS","0","1","0","Non-Networked"
"27329","1","Solano Community College","4000 Suisun Valley Rd","Fairfield","CA","94534","irereyes@ucdavis.edu","(-122.123, 38.23723","1","0","1","0","CCS","0","3","0","Non-Networked"
"33545","1","Nut Tree Village","1651 E Monte Vista Ave","Vacaville","CA","95688","nibarron@ucdavis.edu","(-121.961192, 38.368755","1","0","1","0","CCS","1","1","0","Non-Networked"
"51210","1","Sheldon Town Center","8973 Grant Line Rd","Elk Grove","CA","95624","dchau@ucdavis.edu","(-121.299343, 38.431454","1","0","1","0","Tesla","0","1","0","Non-Networked"
"51933","1","ProjectGreenHome.org","314 Stanford Ave","Palo Alto","CA","94306","dchau@ucdavis.edu","(-122.147944, 37.430039","1","0","1","0","CCS","0","2","0","Non-Networked"
"51947","1","Via Verde Park & Ride","181 E Via Verde","San Dimas","CA","91773","eeboyd@ucdavis.edu","(-117.81619, 34.077429","1","0","1","0","null","0","2","0","Non-Networked"
"63051","1","LA County ISD Music Center Lot 14","135 N Grand Ave","Los Angeles","CA","90012","eeboyd@ucdavis.edu","(-118.24789, 34.057657","1","0","1","0","null","0","40","0","POWERFLEX"
"65519","1","Anaheim Regional Transit Intermodal Center - Lot A","2626 E Katella Ave","Anaheim","CA","92806","nibarron@ucdavis.edu","(-117.8771492, 33.80436801","1","0","1","0","Adapter","0","10","0","Non-Networked"
"70072","1","California State University - Sacramento State - Parking Structure 1","6000 J St","Sacramento","CA","95819","dchau@ucdavis.edu","(-121.426936, 38.55991966","1","0","1","0","Adapter","0","4","0","Non-Networked"
"70601","1","Golden Gate National Recreation Area - Fort Mason","1300-1398 Bay St","San Francisco","CA","94123","dchau@ucdavis.edu","(-122.429484, 37.803955","1","0","1","0","CCS","0","4","0","Non-Networked"
"76386","1","Christa McAuliffe Middle School","3880 Iron Canyon Cir","Stockton","CA","95209","irereyes@ucdavis.edu","(-121.366808, 38.04508","1","0","1","0","Tesla","0","2","0","Non-Networked"
"88976","1","Menlo College","1000 El Camino Real","Atherton","CA","94027","eeboyd@ucdavis.edu","(-122.1910762, 37.45656943","1","0","1","0","null","0","4","0","ChargePoint Network"
"89034","1","American Red Cross","2731 N 1st St","San Jose","CA","95134","eeboyd@ucdavis.edu","(-121.932236, 37.390356","1","0","1","0","null","0","2","0","Non-Networked"
"95223","1","Anchorage Garage - 500 Beach","500 Beach Street","San Francisco","CA","94133","schakravarty@ucdavis.edu","(-122.4178309, 37.80748","1","0","1","0","CCS","0","2","0","Blink Network"
"96134","1","San Juan Bautista","50 Muckelemi St","San Juan Bautista","CA","95045","eeboyd@ucdavis.edu","(-121.5395, 36.844726","1","0","1","0","null","0","1","0","Blink Network"
"96926","1","Parking Lot B","22240 HWY 152","Las Banos","CA","93635","nibarron@ucdavis.edu","(-120.895427, 37.058383","1","0","1","0","Adapter","0","12","0","EV Connect"
"99523","1","EVSP WALGREENS STORE 6585","1570 W Campbell Ave","Campbell","CA","95008","jjbang@ucdavis.edu","(-121.977679, 37.285283","1","0","1","0","Adapter","0","2","0","ChargePoint Network"
"102001","1","Holiday Inn & Suites - Tesla Supercharger","2812 Lenwood Rd.","Barstow","CA","92311","irereyes@ucdavis.edu","(-117.085459, 34.849124","1","1","1","0","Tesla","0","0","16","Tesla"
"102009","1","Rabobank Corning - Tesla Supercharger","950 Hwy 99 W","Corning","CA","96021","dchau@ucdavis.edu","(-122.1984, 39.92646","1","1","1","0","Tesla","0","0","8","Tesla"
"102029","1","County Parking Lot - Tesla Supercharger","11875 Ponderosa Lane","Groveland","CA","95321","nibarron@ucdavis.edu","(-120.23199, 37.838679","1","1","1","0","Tesla","0","0","7","Tesla"
"102046","1","Allied Clean Fuels - Tesla Supercharger","221 Devlin Rd","Napa","CA","94558","laulin@ucdavis.edu","(-122.263886, 38.235578","1","1","1","0","Tesla","0","0","12","Tesla"
"102050","1","Victoria Gardens - Tesla Supercharger","12642 Cultural Center Dr.","Rancho Cucamonga","CA","91739","eeboyd@ucdavis.edu","(-117.529427, 34.113584","1","1","1","0","null","0","0","12","Tesla"
"104585","1","The Harker School - Upper Campus","500 Saratoga Ave","San Jose","CA","95129","eeboyd@ucdavis.edu","(-121.974016, 37.317837","1","0","1","0","null","0","15","0","POWERFLEX"
"112833","1","LangeTwins Family Winery & Vineyards - Tesla Destination","1525 E Jahant Rd","Acampo","CA","95220","nibarron@ucdavis.edu","(-121.297073, 38.205053","1","1","1","0","Tesla","0","2","0","Tesla Destination"
"112834","1","Acquiesce Winery - Tesla Destination","22353 N Tretheway Rd","Acampo","CA","95220","nibarron@ucdavis.edu","(-121.179699, 38.189017","1","1","1","0","Tesla","0","1","0","Tesla Destination"
"112886","1","Tedeschi Family Winery - Tesla Destination","2779 Grant St","Calistoga","CA","94515","nibarron@ucdavis.edu","(-122.594049, 38.590351","1","1","1","0","Tesla","0","1","0","Tesla Destination"
"112925","1","Stonehouse Cellars - Tesla Destination","500 Old Long Valley Rd","Clearlake Oaks","CA","95423","laulin@ucdavis.edu","(-122.584476, 39.027867","1","1","1","0","Tesla","0","3","0","Tesla Destination"
"112965","1","EV Energy Inc - Tesla Destination","10417 Fair Oaks Blvd","Fair Oaks","CA","95628","irereyes@ucdavis.edu","(-121.268204, 38.643902","1","1","1","0","Tesla","0","2","0","Tesla Destination"
"112980","1","Kendall Jackson Wine Estate - Tesla Destination","5007 Fulton Rd","Fulton","CA","95439","eeboyd@ucdavis.edu","(-122.770179, 38.504217","1","1","1","0","null","0","2","0","Tesla Destination"
"112981","1","Old World Winery - Tesla Destination","850 River Rd","Fulton","CA","95439","irereyes@ucdavis.edu","(-122.766331, 38.495894","1","1","1","0","Tesla","0","1","0","Tesla Destination"
"113023","1","Real Goods Solar Living Center - Tesla Destination","13771 S Hwy 101","Hopland","CA","95449","irereyes@ucdavis.edu","(-123.114044, 38.966973","1","1","1","0","Tesla","0","2","0","Tesla Destination"
"113056","1","Mozambique Restaurant - Tesla Destination","1740 S Coast Hwy","Laguna Beach","CA","92651","irereyes@ucdavis.edu","(-117.771459, 33.52938","1","1","1","0","Tesla","0","2","0","Tesla Destination"
"113156","1","Reynolds Family Winery - Tesla Destination","3266 Silverado Trl","Napa","CA","94558","irereyes@ucdavis.edu","(-122.28608, 38.355633","1","1","1","0","Tesla","0","1","0","Tesla Destination"
"113158","1","Black Stallion Estate Winery - Tesla Destination","4089 Silverado Trl","Napa","CA","94558","irereyes@ucdavis.edu","(-122.290639, 38.359832","1","1","1","0","Tesla","0","3","0","Tesla Destination"
"113162","1","Rudd Winery - Tesla Destination","500 Oakville Cross Rd","Napa","CA","94558","irereyes@ucdavis.edu","(-122.365144, 38.455324","1","1","1","0","Tesla","0","2","0","Tesla Destination"
"113166","1","Italics Winegrowers - Tesla Destination","70 Rapp Ln","Napa","CA","94558","irereyes@ucdavis.edu","(-122.246385, 38.308931","1","1","1","0","Tesla","0","1","0","Tesla Destination"
"113182","1","Oakville Grocery - Tesla Destination","7856 St Helena Hwy","Oakville","CA","94562","eeboyd@ucdavis.edu","(-122.402878, 38.43722","1","1","1","0","null","0","2","0","Tesla Destination"
"113194","1","Feather Falls Casino - Tesla Destination","3 Alverda Dr","Oroville","CA","95966","eeboyd@ucdavis.edu","(-121.515891, 39.466997","1","1","1","0","null","0","3","0","Tesla Destination"
"113277","1","Taste Restaurant and Wine Bar - Tesla Destination","9402 Main St","Plymouth","CA","95669","irereyes@ucdavis.edu","(-120.847971, 38.480967","1","1","1","0","Tesla","0","2","0","Tesla Destination"
"113399","1","Sonoma Jet Center - Tesla Destination","6000 Flightline Dr","Santa Rosa","CA","95403","irereyes@ucdavis.edu","(-122.804181, 38.509445","1","1","1","0","Tesla","0","3","0","Tesla Destination"
"113431","1","Saint Helena Winery - Tesla Destination","100 Pratt Ave","Saint Helena","CA","94574","irereyes@ucdavis.edu","(-122.475455, 38.519773","1","1","1","0","Tesla","0","2","0","Tesla Destination"
"113446","1","Nine Suns Winery - Tesla Destination","200 Long Ranch Rd","Saint Helena","CA","94574","irereyes@ucdavis.edu","(-122.348857, 38.46755","1","1","1","0","Tesla","0","1","0","Tesla Destination"
"113447","1","Ovid Napa Valley - Tesla Destination","255 Long Ranch Rd","Saint Helena","CA","94574","irereyes@ucdavis.edu","(-122.343979, 38.461982","1","1","1","0","Tesla","0","1","0","Tesla Destination"
"113482","1","Alibi Ale Works - Tesla Destination","10069 Bridge St","Truckee","CA","96161","eeboyd@ucdavis.edu","(-120.184278, 39.329284","1","1","1","0","Tesla","0","2","0","Tesla Destination"
"122385","1","Glendeven Inn Mendocino - Tesla Destination","8205 N Hwy 1","Mendocino","CA","95460","nibarron@ucdavis.edu","(-123.791563, 39.277094","1","1","1","0","Tesla","0","3","0","Tesla Destination"
"122391","1","Red Lion Hotel Redding - Tesla Destination","1830 Hill Top Dr","Redding","CA","96002","dchau@ucdavis.edu","(-122.35825, 40.581174","1","1","1","0","Tesla","0","3","0","Tesla Destination"
"122402","1","Old Creek Ranch Winery - Tesla Destination","10024 E Old Creek Rd","Ventura","CA","93003","irereyes@ucdavis.edu","(-119.294972, 34.39064","1","1","1","0","Tesla","0","3","0","Tesla Destination"
"125124","1","OutletsAtTejon_Arvin_S","5701 Outlets at Tejon Parkway Suite 170","Arvin","CA","93203","kcacastro@ucdavis.edu","(-118.941285, 34.985084","1","0","1","0","Adapter","0","16","0","SHELL_RECHARGE"
"147027","1","Walmart 2517 - Santa Ana, CA","3600 W. McFadden Avenue","Santa Ana","CA","92704","nibarron@ucdavis.edu","(-117.91635, 33.73662","1","0","0","0","Adapter","0","1","3","Electrify America"
"147561","1","Outlets at Orange","20 City Blvd W","Orange","CA","92868","nibarron@ucdavis.edu","(-117.89244, 33.78024","1","0","0","0","Adapter","0","1","4","Electrify America"
"148639","1","SB Animal Hospital","5188 Moorpark Ave.","San Jose","CA","95129","dchau@ucdavis.edu","(-121.9951423, 37.3094612","1","0","1","0","CCS","0","1","0","Blink Network"
"149309","1","Courtyard by Marriott Fairfield Napa Valley Area - Tesla Supercharger","1350 Holiday Lane","Fairfield","CA","94534","irereyes@ucdavis.edu","(-122.065062, 38.256618","1","1","1","0","Tesla","0","0","12","Tesla"
"150204","1","Coddingtown Mall - Tesla Supercharger","733 Coddingtown Center","Santa Rosa","CA","95401","irereyes@ucdavis.edu","(-122.730226, 38.459409","1","1","1","0","Tesla","0","0","20","Tesla"
"150221","1","Belle Mill Landing - Tesla Supercharger","82 Belle Mill Road","Red Bluff","CA","96080","dchau@ucdavis.edu","(-122.22754, 40.182245","1","1","1","0","Tesla","0","0","8","Tesla"
"151049","1","Capitola Mall","1855 41St Ave","Capitola","CA","95010","dchau@ucdavis.edu","(-121.968968, 36.977128","1","0","1","0","NACS","0","2","0","SHELL_RECHARGE"
"151056","1","Serra Shopping Center","5001 Junipero Serra Blvd","Colma","CA","94014","eeboyd@ucdavis.edu","(-122.465542, 37.67416","1","0","1","0","null","0","2","0","SHELL_RECHARGE"
"151063","1","Serramonte Center JcPenny","3 Serramonte Center","Daly City","CA","94015","dchau@ucdavis.edu","(-122.469812, 37.671369","1","0","1","0","Adapter","0","2","0","SHELL_RECHARGE"
"151067","1","Powell Street Plaza","5701-5795 Christie Ave","Emeryville","CA","94608","dchau@ucdavis.edu","(-122.294625, 37.836685","1","0","1","0","Tesla","0","2","0","SHELL_RECHARGE"
"152121","1","Walmart 2053 - Willows, CA","470 Airport Road","Willows","CA","95988","eeboyd@ucdavis.edu","(-122.21859, 39.52549","1","0","0","0","Adapter","0","0","4","Electrify America"
"152822","1","Westminster Mall Northeast Entrance","1025 Westminster Mall","Westminster","CA","92683","nibarron@ucdavis.edu","(-118.011302, 33.747726","1","0","1","0","Adapter","0","2","0","SHELL_RECHARGE"
"152823","1","Westminster Mall Southwest Entrance","1025 Westminster Mall","Westminster","CA","92683","nibarron@ucdavis.edu","(-118.013611, 33.746229","1","0","1","0","Adapter","0","2","0","SHELL_RECHARGE"
"152852","1","Eastridge Center Barnes and Noble","2200 Eastridge Loop #2062","San Jose","CA","95122","jjbang@ucdavis.edu","(-121.81352, 37.324088","1","0","1","0","Adapter","0","2","0","SHELL_RECHARGE"
"152873","1","Hamilton Marketplace","5800 Nave Drive","Novato","CA","94947","jjbang@ucdavis.edu","(-122.53376, 38.06337","1","0","1","0","CCS","0","1","0","SHELL_RECHARGE"
"152875","1","Century Rowland Plaza","44 Rowland Way","Novato","CA","94945","jjbang@ucdavis.edu","(-122.556698, 38.094665","1","0","1","0","CCS","0","2","0","SHELL_RECHARGE"
"152878","1","Solano Town Center Buffalo Wild Wings","1350 Travis Blvd","Fairfield","CA","94533","irereyes@ucdavis.edu","(-122.055139, 38.261026","1","0","1","0","Adapter","0","2","0","SHELL_RECHARGE"
"153503","1","CCSF-SFMTA JCG ANNEX 1","1650 Fillmore St","San Francisco","CA","94115","dchau@ucdavis.edu","(-122.432567, 37.784902","1","0","1","0","Adapter","0","2","0","ChargePoint Network"
"153690","1","DC CORRIDOR LAKEHEAD BB DC1","20725 Lakeshore Dr","Lakehead-Lakeshore","CA","96051","eeboyd@ucdavis.edu","(-122.385081, 40.886352","1","0","0","0","Adapter","0","0","1","ChargePoint Network"
"153712","1","RCEA EV NETWORK RIO DELL","203 Wildwood Ave","Rio Dell","CA","95562","eeboyd@ucdavis.edu","(-124.10279, 40.494141","1","0","1","0","Adapter","0","2","0","ChargePoint Network"
"154327","1","ESSEX PARK GREEN 7","1710 S Delaware St","San Mateo","CA","94402","eeboyd@ucdavis.edu","(-122.30752, 37.554916","1","0","1","0","null","0","1","0","ChargePoint Network"
"154772","1","RICHMOND MARINA","1207 Melville Square","Richmond","CA","94804","dchau@ucdavis.edu","(-122.347533, 37.915406","1","0","1","0","Tesla","0","1","0","ChargePoint Network"
"154798","1","The Shops at Missions Viejo - Tesla Supercharger","555 The Shops at Mission Viejo","Mission Viejo","CA","92691","irereyes@ucdavis.edu","(-117.668031, 33.557287","1","1","1","0","Tesla","0","0","10","Tesla"
"155167","1","Powell Street Plaza - Tesla Supercharger","5795 Christie Avenue","Emeryville","CA","94608","dchau@ucdavis.edu","(-122.295505, 37.837493","1","1","1","0","Tesla","0","0","12","Tesla"
"155576","1","BOA Emeryville CA4-137","4120 San Pablo Avenue","Emeryville","CA","94608","kcacastro@ucdavis.edu","(-122.27974, 37.83268","1","0","0","0","CCS","0","0","3","Electrify America"
"155990","1","Ripon Love鈥檚 Travel Stop","1553 W. Colony Rd","Ripon","CA","95366","laulin@ucdavis.edu","(-121.141703, 37.755639","1","0","0","0","CCS","0","2","2","EV Connect"
"156349","1","RCEA EV NETWORK FRN-4TH","4th St Parking Lot","Ferndale","CA","95536","eeboyd@ucdavis.edu","(-124.264466, 40.576437","1","0","1","0","Adapter","0","2","0","ChargePoint Network"
"158652","1","Pacific East Mall - Tesla Supercharger","3288 Pierce St","Richmond","CA","94804","irereyes@ucdavis.edu","(-122.308938, 37.898447","1","1","1","0","Tesla","0","0","16","Tesla"
"158732","1","CITYOF CAMPBELL LIBRARY PARKING","400 Grant St","Campbell","CA","95008","eeboyd@ucdavis.edu","(-121.942763, 37.288732","1","0","1","0","null","0","2","0","ChargePoint Network"
"158773","1","IRVINE COMPANY C COVE DCFC 3","7972 Pacific Coast Hwy","Newport Beach","CA","92657","eeboyd@ucdavis.edu","(-117.830445, 33.568703","1","0","0","0","null","0","0","1","ChargePoint Network"
"158824","1","ROCKAWAY BREW PB2","4627 CA-1","Pacifica","CA","94044","eeboyd@ucdavis.edu","(-122.49713, 37.60706","1","0","1","0","null","0","2","0","ChargePoint Network"
"158837","1","CONCORD CONCORD GARAGE2","2255 Salvio St","Concord","CA","94520","eeboyd@ucdavis.edu","(-122.033215, 37.978409","1","0","1","0","null","0","2","0","ChargePoint Network"
"158838","1","CONCORD TODOS SANTOS #2","2051 Salvio St","Concord","CA","94520","dchau@ucdavis.edu","(-122.036184, 37.977415","1","0","1","0","Tesla","0","2","0","ChargePoint Network"
"158864","1","DUTCH BROS DIXON 01","1115 Pitt School Rd","Dixon","CA","95620","bnolszewski@ucdavis.edu","(-121.840948, 38.455778","1","0","1","0","CCS","0","2","0","ChargePoint Network"
"158921","1","JOHN MUIR HLTH VISITOR LOT #2","2540 East St","Concord","CA","94520","dchau@ucdavis.edu","(-122.032517, 37.982145","1","0","1","0","Adapter","0","2","0","ChargePoint Network"
"158947","1","IRVINE COMPANY QUAIL HILL 03","6501-6875 Quail Hill Pkwy","Irvine","CA","92603","nibarron@ucdavis.edu","(-117.778109, 33.654036","1","0","1","0","Adapter","0","1","0","ChargePoint Network"
"158950","1","DC CORRIDOR L2 CASTAIC","27923 Sloan Canyon Rd","Castaic","CA","91384","kcacastro@ucdavis.edu","(-118.626024, 34.496222","1","0","1","0","Adapter","0","2","0","ChargePoint Network"
"159099","1","FIRE DEPT CALISTOGA","1113 Washington St","Calistoga","CA","94515","irereyes@ucdavis.edu","(-122.578235, 38.578065","1","0","1","0","CCS","0","2","0","ChargePoint Network"
"159113","1","CALIFORNIA PLAZ CHARGER 2","2121 N California Blvd","Walnut Creek","CA","94596","eeboyd@ucdavis.edu","(-122.066282, 37.908776","1","0","1","0","null","0","2","0","ChargePoint Network"
"159167","1","SANTA CRUZ CNTY SHERRIF STATION","2400 Chanticleer Ave","Santa Cruz","CA","95062","dchau@ucdavis.edu","(-121.978215, 36.983934","1","0","1","0","NACS","0","2","0","ChargePoint Network"
"159171","1","STAFF OF LIFE EVSE 1","1266 Soquel Ave","Santa Cruz","CA","95062","dchau@ucdavis.edu","(-122.007959, 36.980289","1","0","1","0","NACS","0","2","0","ChargePoint Network"
"159246","1","SIMON PETALUMA VIL 2","2200 Petaluma Blvd N","Petaluma","CA","94952","nibarron@ucdavis.edu","(-122.64994, 38.257774","1","0","1","0","CCS","0","1","0","ChargePoint Network"
"159272","1","CODDING CTOWN 1","733 Coddingtown Center","Santa Rosa","CA","95401","eeboyd@ucdavis.edu","(-122.729941, 38.458713","1","0","1","0","null","0","1","0","ChargePoint Network"
"159280","1","PROMETHEUS 550 MORELAND 1","550 Moreland Way","Santa Clara","CA","95054","eeboyd@ucdavis.edu","(-121.943811, 37.395381","1","0","1","0","null","0","2","0","ChargePoint Network"
"159290","1","STONES EV 3 AND 4","6432 Tupelo Dr","Citrus Heights","CA","95621","dchau@ucdavis.edu","(-121.31377, 38.70626","1","0","1","0","Adapter","0","2","0","ChargePoint Network"
"159309","1","DC CORRIDOR DUNSMUIR L2","4917 Dunsmuir Ave","Dunsmuir","CA","96025","dchau@ucdavis.edu","(-122.276242, 41.223008","1","0","1","0","Tesla","0","2","0","ChargePoint Network"
"159361","1","HMB HMB-CORREAS ST","620 Correas St","Half Moon Bay","CA","94019","eeboyd@ucdavis.edu","(-122.431194, 37.461507","1","0","1","0","null","0","2","0","ChargePoint Network"
"159365","1","6TEN EAST 2ND FLOOR 3","610 E Weddell Dr","Sunnyvale","CA","94089","jjbang@ucdavis.edu","(-122.011592, 37.396569","1","0","1","0","Adapter","0","2","0","ChargePoint Network"
"159419","1","MP-EV-STATIONS ADA","201 Glenwood Cir","Monterey","CA","93940","dchau@ucdavis.edu","(-121.889171, 36.586376","1","0","1","0","Adapter","0","2","0","ChargePoint Network"
"159451","1","HMPTON PETALUMA STATION 1","409 Wilson St","Petaluma","CA","94952","jjbang@ucdavis.edu","(-122.63091, 38.236427","1","0","1","0","Adapter","0","2","0","ChargePoint Network"
"159531","1","SANTA CRUZ CNTY SIMPKINSSWIMCTR","979 17th Avenue","Santa Cruz","CA","95062","eeboyd@ucdavis.edu","(-121.988562, 36.969087","1","0","1","0","null","0","2","0","ChargePoint Network"
"159566","1","NCOE IMOLA STATION 2","2121 Imola","Napa","CA","94559","nibarron@ucdavis.edu","(-122.256178, 38.277685","1","0","1","0","CCS","0","2","0","ChargePoint Network"
"159567","1","NCOE IMOLA STATION 1","2121 Imola Ave","Napa","CA","94559","irereyes@ucdavis.edu","(-122.256088, 38.278237","1","0","1","0","Adapter","0","2","0","ChargePoint Network"
"159620","1","MP-EV-STATIONS STATION 1","243-267 Glenwood Cir","Monterey","CA","93940","dchau@ucdavis.edu","(-121.888697, 36.585632","1","0","1","0","Adapter","0","2","0","ChargePoint Network"
"159660","1","SANTA CRUZ CNTY POLOGROUNDSPARK","2255 Huntington Dr","Aptos","CA","95003","eeboyd@ucdavis.edu","(-121.880525, 36.97974","1","0","1","0","null","0","2","0","ChargePoint Network"
"159715","1","COUNTY OF MARIN EXHIBIT HALL","10 Ave of the Flags","San Rafael","CA","94903","eeboyd@ucdavis.edu","(-122.533424, 38.002416","1","0","1","0","null","0","2","0","ChargePoint Network"
"159752","1","DC CORRIDOR TARGET L2","1280 Dana Dr","Redding","CA","96003","dchau@ucdavis.edu","(-122.348823, 40.58622","1","0","1","0","Tesla","0","2","0","ChargePoint Network"
"159799","1","2999 OAK ROAD STATION ONE","2999 Oak Rd","Walnut Creek","CA","94597","irereyes@ucdavis.edu","(-122.057818, 37.927932","1","0","1","0","Adapter","0","2","0","ChargePoint Network"
"159813","1","TEST22 STATION 2","2-100 Acorn Ct","Scotts Valley","CA","95066","eeboyd@ucdavis.edu","(-122.020807, 37.04656","1","0","1","0","null","0","2","0","ChargePoint Network"
"159837","1","SAN JOSE WOZ","507 S Almaden Blvd","San Jose","CA","95110","dchau@ucdavis.edu","(-121.890616, 37.327837","1","0","1","0","Adapter","0","2","0","ChargePoint Network"
"159892","1","EV CHARGE SONOMA 2","680 Sonoma Mountain Pkwy","Petaluma","CA","94954","irereyes@ucdavis.edu","(-122.635179, 38.267203","1","0","1","0","Adapter","0","2","0","ChargePoint Network"
"159902","1","MPCSD HILLVIEW 3","1100 Elder Ave","Menlo Park","CA","94025","dchau@ucdavis.edu","(-122.194359, 37.440504","1","0","1","0","CCS","0","1","0","ChargePoint Network"
"159907","1","MPCSD TERC","181 Encinal Ave","Menlo Park","CA","94025","irereyes@ucdavis.edu","(-122.186465, 37.463392","1","0","1","0","Adapter","0","2","0","ChargePoint Network"
"159909","1","MPCSD OAK KNOLL","1895 Oak Knoll Lane","Menlo Park","CA","94025","dchau@ucdavis.edu","(-122.191537, 37.431149","1","0","1","0","CCS","0","2","0","ChargePoint Network"
"159936","1","SSEWER DON JULIO 01","5026 Don Julio Blvd","Sacramento","CA","95842","dchau@ucdavis.edu","(-121.350156, 38.693414","1","0","1","0","Adapter","0","2","0","ChargePoint Network"
"160085","1","CCSF SFMTA ELLIS 1","123 O'Farrell","San Francisco","CA","94102","kcacastro@ucdavis.edu","(-122.407309, 37.785976","1","0","1","0","Adapter","0","2","0","ChargePoint Network"
"160112","1","JOHN MUIR HLTH 1400 JMH #1","1400 Treat Blvd","Walnut Creek","CA","94597","irereyes@ucdavis.edu","(-122.053929, 37.925971","1","0","1","0","Adapter","0","2","0","ChargePoint Network"
"160181","1","1240-1250 AZUSA STARBUCKS","1250 W Foothill Blvd","Azusa","CA","91702","eeboyd@ucdavis.edu","(-117.92672, 34.133208","1","0","1","0","null","0","2","0","ChargePoint Network"
"160197","1","ESSEX VILLA GRANADA 1","3595 Granada Ave","Santa Clara","CA","95051","dchau@ucdavis.edu","(-121.994888, 37.349901","1","0","1","0","Adapter","0","2","0","ChargePoint Network"
"160324","1","EV CHARGER SHARON APT. EV","2225 Sharon Rd","Menlo Park","CA","94025","dchau@ucdavis.edu","(-122.200106, 37.42772","1","0","1","0","CCS","0","2","0","ChargePoint Network"
"160350","1","ESSEX POINTE","19900-19918 Olivewood St","Cupertino","CA","95014","irereyes@ucdavis.edu","(-122.02167, 37.333125","1","0","1","0","Tesla","0","2","0","ChargePoint Network"
"160352","1","HUDSON GATEWAY BLDG 1 UNIT 1","2005 Gateway Pl.","San Jose","CA","95110","eeboyd@ucdavis.edu","(-121.923776, 37.36891","1","0","1","0","null","0","2","0","ChargePoint Network"
"160358","1","PROMETHEUS BILTMORE","10159 S Blaney Ave","Cupertino","CA","95014","irereyes@ucdavis.edu","(-122.023577, 37.320815","1","0","1","0","Tesla","0","2","0","ChargePoint Network"
"160515","1","COUNTY EMPLOYEE PS1 #2","751 S. Bascom Avenue Visitor Parking Garage","San Jose","CA","95128","dchau@ucdavis.edu","(-121.934063, 37.315108","1","0","1","0","Adapter","0","2","0","ChargePoint Network"
"160530","1","ESSEX AGORA STATION 2","1305 S Main St","Walnut Creek","CA","94596","dchau@ucdavis.edu","(-122.059159, 37.894144","1","0","1","0","Tesla","0","2","0","ChargePoint Network"
"160573","1","EL PUEBLO EL PUEBLO INN","896 W Napa St","Sonoma","CA","95476","nibarron@ucdavis.edu","(-122.475107, 38.294057","1","0","1","0","CCS","0","2","0","ChargePoint Network"
"160580","1","SONOMA VLY INN BEST WESTERN","561 1st St W","Sonoma","CA","95476","irereyes@ucdavis.edu","(-122.459589, 38.291056","1","0","1","0","Adapter","0","2","0","ChargePoint Network"
"160584","1","CUPERTINO STATION 01","10800 Torre Ave","Cupertino","CA","95014","irereyes@ucdavis.edu","(-122.028375, 37.317727","1","0","1","0","Tesla","0","2","0","ChargePoint Network"
"160585","1","CUPERTINO QUINLAN 1","10185  Stelling Rd","Cupertino","CA","95014","dchau@ucdavis.edu","(-122.042342, 37.325458","1","0","1","0","Adapter","0","2","0","ChargePoint Network"
"160703","1","HOLLYWOOD 959 LEVEL 5 - 01","6600-6650 Romaine St","Los Angeles","CA","90038","eeboyd@ucdavis.edu","(-118.33394, 34.088808","1","0","1","0","null","0","2","0","ChargePoint Network"
"160704","1","CITY OF REDWOOD PUBLIC WORKS","1400 Broadway","Redwood City","CA","94063","schakravarty@ucdavis.edu","(-122.216139, 37.487591","1","0","1","0","Tesla","0","2","0","ChargePoint Network"
"160747","1","STATION 1 IBEW LU 302","1875 Arnold Dr","Martinez","CA","94553","irereyes@ucdavis.edu","(-122.087919, 37.991846","1","0","1","0","CCS","0","2","0","ChargePoint Network"
"160759","1","EVSP WALGREENS STORE 5499","7299 Laguna Blvd","Elk Grove","CA","95758","dchau@ucdavis.edu","(-121.418617, 38.424099","1","0","1","0","Tesla","0","1","0","ChargePoint Network"
"160777","1","EVSP WALGREENS STORE 5152","6144  Dewey Dr","Citrus Heights","CA","95621","irereyes@ucdavis.edu","(-121.31015, 38.677896","1","0","1","0","Adapter","0","1","0","ChargePoint Network"
"160800","1","MARTINEZ CA MTZ AMTRAK #1","407 Estudillo St","Martinez","CA","94553","eeboyd@ucdavis.edu","(-122.137631, 38.019213","1","0","1","0","null","0","2","0","ChargePoint Network"
"160836","1","EVSP WALGREENS STORE 5616","5913 Carson St","Lakewood","CA","90713","eeboyd@ucdavis.edu","(-118.116166, 33.83283","1","0","1","0","null","0","1","0","ChargePoint Network"
"160903","1","CITYOF PETALUMA COMMUNITYCTR 1","320 N McDowell Blvd","Petaluma","CA","94954","jjbang@ucdavis.edu","(-122.630782, 38.252524","1","0","1","0","Adapter","0","2","0","ChargePoint Network"
"160933","1","SDMC  AUX STN SDMC AUX STN","3901 Lone Tree Way","Antioch","CA","94509","kcacastro@ucdavis.edu","(-121.804052, 37.981732","1","0","1","0","CCS","0","2","0","ChargePoint Network"
"161005","1","CITYOF CAMPBELL COM CTR H1-03","1 W Campbell Ave","Campbell","CA","95008","jjbang@ucdavis.edu","(-121.95213, 37.28846","1","0","1","0","Adapter","0","2","0","ChargePoint Network"
"161025","1","CUPERTINO QUINLAN 2","10185 North Stelling Rd","Cupertino","CA","95014","dchau@ucdavis.edu","(-122.042351, 37.325439","1","0","1","0","Adapter","0","2","0","ChargePoint Network"
"161026","1","SAN MATEO CNTY TR PUBLIC #1A","30 Tower Rd Tower Road","San Mateo","CA","94402","eeboyd@ucdavis.edu","(-122.332994, 37.51134","1","0","1","0","null","0","2","0","ChargePoint Network"
"161035","1","PLEASANT HILL CITY HALL 01","88-138 Gregory Ln","Pleasant Hill","CA","94523","eeboyd@ucdavis.edu","(-122.062686, 37.947678","1","0","1","0","null","0","2","0","ChargePoint Network"
"161056","1","DIRITO BROTHERS VW_426078_A","1450 Central Rd","Walnut Creek","CA","94596","schakravarty@ucdavis.edu","(-122.063683, 37.90744","1","0","1","0","CCS","0","2","0","ChargePoint Network"
"161066","1","IRVINE  CO  OFC 2 PARK PLAZA 01","2 Park Plaza","Irvine","CA","92614","nibarron@ucdavis.edu","(-117.838725, 33.679603","1","0","1","0","Adapter","0","1","0","ChargePoint Network"
"161159","1","BMW FACILITIES STOCKTON 01","1101 Runway Dr","Stockton","CA","95206","irereyes@ucdavis.edu","(-121.268014, 37.896021","1","0","1","0","Tesla","0","2","0","ChargePoint Network"
"161172","1","WALNUT CREEK BROADWAY 5-6","1390 N Broadway","Walnut Creek","CA","94596","schakravarty@ucdavis.edu","(-122.059155, 37.899088","1","0","1","0","CCS","0","2","0","ChargePoint Network"
"161194","1","CITY OF NAPA 1539 FIRST ST","1501-1541 1st St","Napa","CA","94559","kcacastro@ucdavis.edu","(-122.289779, 38.296863","1","0","1","0","CCS","0","2","0","ChargePoint Network"
"161215","1","HACIENDA BLDG 5140-1","5140 Hacienda Dr","Dublin","CA","94568","eeboyd@ucdavis.edu","(-121.888708, 37.711147","1","0","1","0","null","0","2","0","ChargePoint Network"
"161216","1","JOHN MUIR HLTH JMHOUTPATIENT#1","1450 Treat Blvd","Walnut Creek","CA","94597","laulin@ucdavis.edu","(-122.053001, 37.926031","1","0","1","0","CCS","0","2","0","ChargePoint Network"
"161217","1","EV CHARGING STA HANDLEY CELLARS","3151 CA-128","Philo","CA","95466","eeboyd@ucdavis.edu","(-123.514306, 39.119504","1","0","1","0","Adapter","0","2","0","ChargePoint Network"
"161311","1","SARATOGA CITY BIG BASIN WAY 3","14421 Big Basin Way","Saratoga","CA","95070","dchau@ucdavis.edu","(-122.033181, 37.258911","1","0","1","0","CCS","0","2","0","ChargePoint Network"
"163418","1","Dublin Center","4120 Dublin Boulevard","Dublin","CA","94568","eeboyd@ucdavis.edu","(-121.873494, 37.703683","1","0","1","0","null","0","2","0","Blink Network"
"163743","1","Buena Park Downtown","8191-8371 La Palma Ave","Buena Park","CA","90620","nibarron@ucdavis.edu","(-117.990308, 33.84785","1","0","0","0","Adapter","0","0","4","Non-Networked"
"164166","1","El Cerrito Plaza - Tesla Supercharger","280 El Cerrito Plaza","El Cerrito","CA","94530","dchau@ucdavis.edu","(-122.300672, 37.898635","1","1","1","0","Tesla","0","0","14","Tesla"
"164871","1","Safeway 0739 - San Francisco, CA","3350 Mission Street","San Francisco","CA","94110","schakravarty@ucdavis.edu","(-122.42203, 37.74291","1","0","0","0","CCS","0","1","3","Electrify America"
"165184","1","Safeway 0985 - San Francisco, CA","2350 Noriega St.","San Francisco","CA","94122","jjbang@ucdavis.edu","(-122.48867, 37.75397","1","0","0","0","CCS","0","0","4","Electrify America"
"165362","1","TWIN CREEKS B - TWIN CREEKS","969 E Caribbean Dr","Sunnyvale","CA","94089","dchau@ucdavis.edu","(-122.000148, 37.41531","1","0","1","0","Adapter","0","2","0","ChargePoint Network"
"165551","1","CT D2 COLLIER ST 1","Unnamed Road","Hornbrook","CA","96044","eeboyd@ucdavis.edu","(-122.570908, 41.85129","1","0","0","0","Adapter","0","0","1","ChargePoint Network"
"165620","1","CT D2 COLLIER ST 2","Interstate 5 & rte 96","Hornbrook","CA","96044","eeboyd@ucdavis.edu","(-122.571013, 41.851264","1","0","0","0","Adapter","0","0","1","ChargePoint Network"
"166931","1","ROW DTLA - Tesla Supercharger","787 S. Alameda Street","Los Angeles","CA","90021","eeboyd@ucdavis.edu","(-118.240294, 34.033065","1","1","1","0","null","0","0","16","Tesla"
"166944","1","MENDO COLLEGE LAKE EV1","2565 Parallel Dr","Lakeport","CA","95453","eeboyd@ucdavis.edu","(-122.917743, 39.019034","1","0","1","0","Adapter","0","2","0","ChargePoint Network"
"166999","1","HILLTOP STATION 2","3170 Hilltop Mall Rd","Richmond","CA","94806","irereyes@ucdavis.edu","(-122.32392, 37.981018","1","0","1","0","Adapter","0","2","0","ChargePoint Network"
"167543","1","Lakeshore Plaza","4258 Ocean Avenue","San Francisco","CA","94132","eeboyd@ucdavis.edu","(-122.48944, 37.73241","1","0","0","0","null","0","1","3","Electrify America"
"167600","1","SANTA CLARA CITY HALL #1","1500 Warburton Ave","Santa Clara","CA","95050","jjbang@ucdavis.edu","(-121.954284, 37.355406","1","0","1","0","Adapter","0","1","0","ChargePoint Network"
"168097","1","DC CORRIDOR TARGET H DC3","1790 Airline HWY","Hollister","CA","95023","eeboyd@ucdavis.edu","(-121.390182, 36.834846","1","0","0","0","null","0","0","1","ChargePoint Network"
"168281","1","Mel's Diner - Tesla Supercharger","31 CA-88","Jackson","CA","95642","nibarron@ucdavis.edu","(-120.7766, 38.347998","1","1","0","0","Tesla","0","0","8","Tesla"
"168465","1","2450 Martin Rd","2450 Martin Rd","Fairfield","CA","94534","irereyes@ucdavis.edu","(-122.051044, 38.274202","1","0","1","0","Adapter","0","2","0","EV Connect"
"168676","1","Charles Krug Winery - Tesla Destination","2800 Main St","Saint Helena","CA","94574","eeboyd@ucdavis.edu","(-122.482185, 38.518276","1","0","1","0","null","0","1","0","Non-Networked"
"168809","1","Groth Vineyards & Winery - Tesla Destination","750 Oakville Cross Rd","Oakville","CA","94562","eeboyd@ucdavis.edu","(-122.379919, 38.448967","1","1","1","0","null","0","4","0","Tesla Destination"
"168829","1","Hanford House Inn - Tesla Destination","61 Hanford St","Sutter Creek","CA","95685","nibarron@ucdavis.edu","(-120.807135, 38.39789","1","1","1","0","Tesla","0","2","0","Tesla Destination"
"168851","1","Holiday Inn Express & Suites Redding - Tesla Destination","2240 Hilltop Dr","Redding","CA","96002","dchau@ucdavis.edu","(-122.359431, 40.574854","1","1","1","0","Tesla","0","2","0","Tesla Destination"
"168978","1","Napa Jet Center - Tesla Destination","2030 Airport Rd","Napa","CA","94558","dchau@ucdavis.edu","(-122.272842, 38.217315","1","1","1","0","Tesla","0","1","0","Tesla Destination"
"168979","1","Napa Valley Country Club - Tesla Destination","3385 Hagen Road","Napa","CA","94558","irereyes@ucdavis.edu","(-122.241068, 38.318338","1","1","1","0","Tesla","0","3","0","Tesla Destination"
"169090","1","Saticoy Country Club - Tesla Destination","4450 N Clubhouse Dr","Somis","CA","93066","irereyes@ucdavis.edu","(-119.107579, 34.272415","1","1","1","0","Tesla","0","1","0","Tesla Destination"
"169172","1","The Current Living - Tesla Destination","707 East Ocean Boulevard","Long Beach","CA","90802","irereyes@ucdavis.edu","(-118.183706, 33.766268","1","1","1","0","Tesla","0","2","0","Tesla Destination"
"169324","1","California Institute of Technology - California Parking Structure","1248 E California Blvd","Pasadena","CA","91125","kcacastro@ucdavis.edu","(-118.126363, 34.134066","1","0","0","0","Adapter","0","67","4","Non-Networked"
"169466","1","Stockton, CA (Wall Connector) - Tesla Destination","2323 Grand Canal Boulevard","Stockton","CA","95207","nibarron@ucdavis.edu","(-121.33631, 37.98458","1","1","1","0","Tesla","0","4","0","Tesla Destination"
"169467","1","Firebaugh, CA - Tesla Supercharger","46272 West Panoche Road","Firebaugh","CA","93622","nibarron@ucdavis.edu","(-120.625877, 36.639154","1","1","1","0","Adapter","0","0","56","Tesla"
"169916","1","Garberville-One LogHouse","705 US 101","Garberville","CA","95542","eeboyd@ucdavis.edu","(-123.79012, 40.00969","1","0","0","0","null","0","0","4","Electrify America"
"170053","1","EL CERRITO STATION 01","7501 Schmidt Ln","El Cerrito","CA","94530","eeboyd@ucdavis.edu","(-122.29911, 37.919334","1","0","1","0","null","0","2","0","ChargePoint Network"
"170205","1","Safeway 0788 (Mill Valley, CA)","1 Camino Alto","Mill Valley","CA","94941","schakravarty@ucdavis.edu","(-122.53033, 37.89389","1","0","0","0","CCS","0","1","3","Electrify America"
"170303","1","BoA CA7-164 (Anaheim, CA)","1685 E Katella Ave","Anaheim","CA","92805","nibarron@ucdavis.edu","(-117.89161, 33.80387","1","0","0","0","Adapter","0","0","4","Electrify America"
"170353","1","Safeway 0929 - San Jose, CA","2558 Berryessa Road","San Jose","CA","95132","dchau@ucdavis.edu","(-121.8585, 37.38815","1","0","0","0","Adapter","0","1","3","Electrify America"
"170472","1","BOA Alum Rock CA3-138 (San Jose, CA)","2300 Alum Rock Ave","San Jose","CA","95116","dchau@ucdavis.edu","(-121.84269, 37.35818","1","0","0","0","Adapter","0","0","4","Electrify America"
"170853","1","JAO DCFC","1955 Workman Mill Rd.","Whittier","CA","90601","kcacastro@ucdavis.edu","(-118.022221, 34.033121","1","0","0","0","Adapter","0","0","4","SHELL_RECHARGE"
"170935","1","Cupertino High School","10100 Finch Ave","Cupertino","CA","95014","jjbang@ucdavis.edu","(-122.0086061, 37.32174974","1","0","1","0","Adapter","0","16","0","POWERFLEX"
"170936","1","Monta Vista High School","21840 McClellan Rd","Cupertino","CA","95014","eeboyd@ucdavis.edu","(-122.0580581, 37.31415702","1","0","0","0","null","0","14","2","POWERFLEX"
"171237","1","BOXERS APTS BOXER","66 N Jackson Ave","San Jose","CA","95116","dchau@ucdavis.edu","(-121.844124, 37.361041","1","0","1","0","Adapter","0","2","0","ChargePoint Network"
"171436","1","CITY OF NAPA COOMBS 3","901 Coombs St","Napa","CA","94559","irereyes@ucdavis.edu","(-122.286651, 38.298002","1","0","1","0","CCS","0","1","0","ChargePoint Network"
"171446","1","RCEA EV NETWORK FORTUNA","638 11th St","Fortuna","CA","95540","eeboyd@ucdavis.edu","(-124.155682, 40.597468","1","0","1","0","Adapter","0","2","0","ChargePoint Network"
"171638","1","CITYOF CAMPBELL 2NDST GARAGE LL","41 N 2nd St","Campbell","CA","95008","eeboyd@ucdavis.edu","(-121.946656, 37.287738","1","0","1","0","null","0","2","0","ChargePoint Network"
"175163","1","DC CORRIDOR LAKEHEAD BB L2","20725 Lakeshore Dr","Lakehead-Lakeshore","CA","96051","dchau@ucdavis.edu","(-122.385166, 40.886386","1","0","1","0","Tesla","0","2","0","ChargePoint Network"
"175873","1","CITYOFBRENTWOOD STATION #9","100 City Park Way","Brentwood","CA","94513","nibarron@ucdavis.edu","(-121.693353, 37.934687","1","0","1","0","CCS","0","1","0","ChargePoint Network"
"175878","1","CITYOFBRENTWOOD STATION #2","100 City Park Way","Brentwood","CA","94513","laulin@ucdavis.edu","(-121.693488, 37.93472","1","0","1","0","CCS","0","1","0","ChargePoint Network"
"175962","1","GARAGE CENTERGARAGE 2D","2025 Center St","Berkeley","CA","94704","dchau@ucdavis.edu","(-122.269908, 37.870532","1","0","1","0","Tesla","0","2","0","ChargePoint Network"
"176046","1","STODDARD WEST STODDARD EV 1","345 Gasser Dr","Napa","CA","94559","jjbang@ucdavis.edu","(-122.277826, 38.286633","1","0","1","0","Adapter","0","2","0","ChargePoint Network"
"176222","1","CITY OF BENICIA CITY HALL 03","250 E L St","Benicia","CA","94510","nibarron@ucdavis.edu","(-122.152959, 38.051928","1","0","1","0","CCS","0","1","0","ChargePoint Network"
"176223","1","CITY OF BENICIA CITY HALL 02","250 E L St","Benicia","CA","94510","eeboyd@ucdavis.edu","(-122.152966, 38.051908","1","0","1","0","null","0","2","0","ChargePoint Network"
"176318","1","CITY HALL LOT PS 1","460 W 1st St","Claremont","CA","91711","eeboyd@ucdavis.edu","(-117.72001, 34.094196","1","0","1","0","null","0","2","0","ChargePoint Network"
"176565","1","SMCCD DO 3 (RIGHT)","3401 CSM Dr District Office","San Mateo","CA","94402","eeboyd@ucdavis.edu","(-122.33726, 37.531218","1","0","1","0","null","0","2","0","ChargePoint Network"
"176663","1","COUNTY OF MARIN HOJ 07-08","3501 Civic Center Dr","San Rafael","CA","94903","dchau@ucdavis.edu","(-122.533032, 37.998433","1","0","1","0","Adapter","0","2","0","ChargePoint Network"
"176664","1","COUNTY OF MARIN HOJ 30","3501 Civic Center Dr","San Rafael","CA","94903","dchau@ucdavis.edu","(-122.532384, 37.998679","1","0","1","0","Adapter","0","1","0","ChargePoint Network"
"176665","1","COUNTY OF MARIN HOJ 05-06","3501 Civic Center Dr","San Rafael","CA","94903","dchau@ucdavis.edu","(-122.533064, 37.998439","1","0","1","0","Adapter","0","2","0","ChargePoint Network"
"176666","1","COUNTY OF MARIN HOJ 13-14","3501 Civic Center Dr","San Rafael","CA","94903","dchau@ucdavis.edu","(-122.532786, 37.998441","1","0","1","0","Adapter","0","2","0","ChargePoint Network"
"176677","1","COUNTY OF MARIN HOJ 01-02","3501 Civic Center Dr.","San Rafael","CA","94903","dchau@ucdavis.edu","(-122.533145, 37.998435","1","0","1","0","Adapter","0","2","0","ChargePoint Network"
"176680","1","COUNTY OF MARIN HOJ 29","3501 Civic Center Dr","San Rafael","CA","94903","irereyes@ucdavis.edu","(-122.532404, 37.998662","1","0","1","0","Adapter","0","1","0","ChargePoint Network"
"176869","1","DC CORRIDOR CHEVRON C. L2","25032 W Dorris Ave","Coalinga","CA","93210","nibarron@ucdavis.edu","(-120.248687, 36.254614","1","0","1","0","Adapter","0","2","0","ChargePoint Network"
"176968","1","CODDING CTOWN 2","733 Coddingtown Center","Santa Rosa","CA","95401","eeboyd@ucdavis.edu","(-122.729918, 38.458696","1","0","1","0","null","0","1","0","ChargePoint Network"
"177092","1","DC CORRIDOR COMFORT INN L2","1844 Shastina Dr","Weed","CA","96094","dchau@ucdavis.edu","(-122.379937, 41.399424","1","0","1","0","Tesla","0","2","0","ChargePoint Network"
"177125","1","6TEN EAST LEASING OFFICE","610 E Weddell Dr","Sunnyvale","CA","94089","jjbang@ucdavis.edu","(-122.011865, 37.396925","1","0","1","0","Adapter","0","1","0","ChargePoint Network"
"177151","1","DC CORRIDOR BENBOW INN L2","455 Lake Benbow Dr","Garberville","CA","95542","eeboyd@ucdavis.edu","(-123.790002, 40.067208","1","0","1","0","Adapter","0","2","0","ChargePoint Network"
"177343","1","CSUEB CONCORD STN 1","4700 Ygnacio Valley Rd","Concord","CA","94521","eeboyd@ucdavis.edu","(-121.978126, 37.944111","1","0","1","0","null","0","2","0","ChargePoint Network"
"177601","1","NCOE IMOLA STATION 3","2121 Imola Ave","Napa","CA","94559","laulin@ucdavis.edu","(-122.256087, 38.278262","1","0","1","0","CCS","0","1","0","ChargePoint Network"
"177854","1","3003RETAIL STATION 2","3003 Oak Rd","Walnut Creek","CA","94597","kcacastro@ucdavis.edu","(-122.058421, 37.929254","1","0","1","0","Adapter","0","2","0","ChargePoint Network"
"177876","1","275 BATTERY 275 BATTERY 2","275 Battery St","San Francisco","CA","94111","irereyes@ucdavis.edu","(-122.400509, 37.793862","1","0","1","0","Adapter","0","2","0","ChargePoint Network"
"177967","1","TEST22 STATION 1","2-100 Acorn Ct","Scotts Valley","CA","95066","eeboyd@ucdavis.edu","(-122.020765, 37.046669","1","0","1","0","null","0","2","0","ChargePoint Network"
"178031","1","SAN JOSE CITY HALL 3W","200 E Santa Clara St","San Jose","CA","95113","dchau@ucdavis.edu","(-121.871549, 37.345518","1","0","1","0","Adapter","0","2","0","ChargePoint Network"
"178114","1","EV CHARGE ZUMWALT 002 NGW","1501 Mendocino Ave","Santa Rosa","CA","95401","irereyes@ucdavis.edu","(-122.718181, 38.454513","1","0","1","0","CCS","0","2","0","ChargePoint Network"
"178116","1","EV CHARGE ZUMWALT 001 GW","1501 Mendocino Ave","Santa Rosa","CA","95401","irereyes@ucdavis.edu","(-122.7182, 38.454519","1","0","1","0","Adapter","0","1","0","ChargePoint Network"
"178117","1","EV CHARGE SONOMA 1","680 Sonoma Mountain Pkwy","Petaluma","CA","94954","dchau@ucdavis.edu","(-122.635174, 38.267158","1","0","1","0","Adapter","0","2","0","ChargePoint Network"
"178134","1","MPCSD HILLVIEW 2","1100 Elder Ave","Menlo Park","CA","94025","dchau@ucdavis.edu","(-122.195782, 37.440512","1","0","1","0","CCS","0","1","0","ChargePoint Network"
"178135","1","MPCSD HILLVIEW 1","1100 Elder Ave","Menlo Park","CA","94025","dchau@ucdavis.edu","(-122.195155, 37.440934","1","0","1","0","CCS","0","2","0","ChargePoint Network"
"178568","1","VTA BERRYESSA 13","925 Berryessa Station Way Parking Structure","San Jose","CA","95133","eeboyd@ucdavis.edu","(-121.873469, 37.36679","1","0","1","0","null","0","1","0","ChargePoint Network"
"178745","1","IRVINE  CO  OFC SCBC 15495 03","15495 Sand Canyon Ave","Irvine","CA","92618","eeboyd@ucdavis.edu","(-117.76673, 33.669768","1","0","1","0","null","0","2","0","ChargePoint Network"
"178854","1","ESSEX ENSO STATION 4","175 Baypointe Pkwy","San Jose","CA","95134","eeboyd@ucdavis.edu","(-121.942367, 37.412727","1","0","1","0","null","0","2","0","ChargePoint Network"
"179051","1","COUNTY EMPLOYEE PS1 #1","751 S. Bascom Avenue Visitor Parking Garage","San Jose","CA","95128","dchau@ucdavis.edu","(-121.934043, 37.315583","1","0","1","0","Adapter","0","2","0","ChargePoint Network"
"179116","1","ESSEX AGORA STATION 1","1305 S Main St","Walnut Creek","CA","94596","dchau@ucdavis.edu","(-122.059119, 37.894153","1","0","1","0","Tesla","0","2","0","ChargePoint Network"
"179177","1","CUPERTINO STATION 02","10800 Torre Ave","Cupertino","CA","95014","irereyes@ucdavis.edu","(-122.028373, 37.317782","1","0","1","0","Tesla","0","2","0","ChargePoint Network"
"179337","1","MICKEY&FRIENDS M&F 65&66","1313 Disneyland Dr","Anaheim","CA","92802","eeboyd@ucdavis.edu","(-117.926782, 33.815048","1","0","1","0","null","0","2","0","ChargePoint Network"
"179462","1","CITYOF PETALUMA COMMUNITYCTR 2","320 N McDowell Blvd","Petaluma","CA","94954","schakravarty@ucdavis.edu","(-122.630686, 38.252524","1","0","1","0","CCS","0","2","0","ChargePoint Network"
"179504","1","PARAMOUNT LEMON GROVE 2","5661 Lemon Grove Ave","Los Angeles","CA","90038","kcacastro@ucdavis.edu","(-118.315227, 34.087412","1","0","1","0","Adapter","0","2","0","ChargePoint Network"
"179608","1","WALNUT CREEK BROADWAY 7-8","1390 N Broadway","Walnut Creek","CA","94596","nibarron@ucdavis.edu","(-122.059134, 37.899114","1","0","1","0","CCS","0","2","0","ChargePoint Network"
"179619","1","MARTINEZ CA PACHECO 02","CA-4","Martinez","CA","94553","irereyes@ucdavis.edu","(-122.072767, 37.995684","1","0","1","0","Adapter","0","2","0","ChargePoint Network"
"179620","1","MARTINEZ CA PACHECO 03","CA-4","Martinez","CA","94553","irereyes@ucdavis.edu","(-122.072811, 37.995734","1","0","1","0","Adapter","0","2","0","ChargePoint Network"
"179636","1","JOHN MUIR HLTH JMHOUTPATIENT#2","1450 Treat Blvd","Walnut Creek","CA","94597","irereyes@ucdavis.edu","(-122.053068, 37.926079","1","0","1","0","Adapter","0","2","0","ChargePoint Network"
"180963","1","DC CORRIDOR TRACYTARGET DC2","2800 Naglee Rd","Tracy","CA","95304","eeboyd@ucdavis.edu","(-121.45868, 37.756805","1","0","0","0","null","0","0","1","ChargePoint Network"
"180964","1","DC CORRIDOR TRACYTARGET DC1","2800 Naglee Rd","Tracy","CA","95304","eeboyd@ucdavis.edu","(-121.458596, 37.756814","1","0","0","0","null","0","0","1","ChargePoint Network"
"181053","1","TWIN CREEKS C - TWIN CREEKS","969 E Caribbean Dr","Sunnyvale","CA","94089","dchau@ucdavis.edu","(-122.000084, 37.415233","1","0","1","0","Adapter","0","2","0","ChargePoint Network"
"181054","1","TWIN CREEKS D - TWIN CREEKS","969 E Caribbean Dr","Sunnyvale","CA","94089","dchau@ucdavis.edu","(-121.99988, 37.415157","1","0","1","0","Adapter","0","2","0","ChargePoint Network"
"181055","1","TWIN CREEKS ADA TWIN CREEKS","969 E Caribbean Dr","Sunnyvale","CA","94089","dchau@ucdavis.edu","(-122.000341, 37.41531","1","0","1","0","Adapter","0","2","0","ChargePoint Network"
"181111","1","YREKA TRUCK STATION #2","787 Montague Rd","Yreka","CA","96097","dchau@ucdavis.edu","(-122.623542, 41.737487","1","0","1","0","Tesla","0","2","0","ChargePoint Network"
"181446","1","IRVINE  CO  OFC ST 17100 02","17100 Laguna Canyon Rd","Irvine","CA","92603","nibarron@ucdavis.edu","(-117.765565, 33.650383","1","0","1","0","Adapter","0","1","0","ChargePoint Network"
"181448","1","IRVINE  CO  OFC ST 17100 03","17100 Laguna Canyon Rd","Irvine","CA","92603","nibarron@ucdavis.edu","(-117.764896, 33.651251","1","0","1","0","Adapter","0","2","0","ChargePoint Network"
"181642","1","DC CORRIDOR TARGET H DC2","1790 Airline HWY","Hollister","CA","95023","eeboyd@ucdavis.edu","(-121.39017, 36.834873","1","0","0","0","null","0","0","1","ChargePoint Network"
"181643","1","DC CORRIDOR TARGET H DC1","1790 Airline HWY","Hollister","CA","95023","eeboyd@ucdavis.edu","(-121.390238, 36.834903","1","0","0","0","null","0","0","1","ChargePoint Network"
"181644","1","DC CORRIDOR TARGET H L2(1)","1790 Airline HWY","Hollister","CA","95023","eeboyd@ucdavis.edu","(-121.390133, 36.834784","1","0","1","0","null","0","1","0","ChargePoint Network"
"181645","1","DC CORRIDOR TARGET H L2(2)","1790 Airline HWY","Hollister","CA","95023","eeboyd@ucdavis.edu","(-121.390079, 36.834732","1","0","1","0","null","0","1","0","ChargePoint Network"
"181714","1","DC CORRIDOR LODI SHELL DC1","6437 Thornton Rd","Lodi","CA","95242","eeboyd@ucdavis.edu","(-121.394699, 38.115006","1","0","0","0","null","0","0","1","ChargePoint Network"
"181880","1","DC CORRIDOR NUGGET DC2","130 Browns Valley Pkwy","Vacaville","CA","95688","laulin@ucdavis.edu","(-121.96797, 38.364793","1","0","0","0","CCS","0","0","1","ChargePoint Network"
"181881","1","DC CORRIDOR NUGGET DC1","130 Browns Valley Pkwy","Vacaville","CA","95688","jjbang@ucdavis.edu","(-121.968013, 38.36486","1","0","0","0","Adapter","0","0","1","ChargePoint Network"
"182018","1","COUNTY EV 33","150 W Tasman Dr","San Jose","CA","95134","eeboyd@ucdavis.edu","(-121.9532, 37.40784","1","0","1","0","null","0","1","0","ChargePoint Network"
"182080","1","META MPK14-03","1 Hacker Way Building 14","Menlo Park","CA","94025","eeboyd@ucdavis.edu","(-122.149443, 37.485368","1","0","1","0","null","0","2","0","ChargePoint Network"
"182285","1","CITY OF NAPA COOMBS 2","901 Coombs St","Napa","CA","94559","nibarron@ucdavis.edu","(-122.286633, 38.297962","1","0","1","0","CCS","0","2","0","ChargePoint Network"
"182286","1","CITY OF NAPA COOMBS 1","901 Coombs St","Napa","CA","94559","schakravarty@ucdavis.edu","(-122.286582, 38.297921","1","0","1","0","CCS","0","2","0","ChargePoint Network"
"182354","1","MERITAGE1 MERITAGERESORT1","875 Bordeaux Way","Napa","CA","94558","kcacastro@ucdavis.edu","(-122.273825, 38.246222","1","0","1","0","CCS","0","2","0","ChargePoint Network"
"182355","1","MERITAGE1 MERITAGERESORT2","875 Bordeaux Way","Napa","CA","94558","irereyes@ucdavis.edu","(-122.273761, 38.246224","1","0","1","0","Adapter","0","2","0","ChargePoint Network"
"182384","1","PROMETHEUS STATION P-2","20350 Stevens Creek Blvd Level P-2","Cupertino","CA","95014","irereyes@ucdavis.edu","(-122.029404, 37.321828","1","0","1","0","Tesla","0","2","0","ChargePoint Network"
"182422","1","KOHL'S - CHPT 0981 COLMA 1","245 Collins Ave","Colma","CA","94014","eeboyd@ucdavis.edu","(-122.45818, 37.674476","1","0","1","0","null","0","2","0","ChargePoint Network"
"182429","1","KOHL'S - CHPT 0977 CAMPBELL 2","525 E Hamilton Ave","Campbell","CA","95008","dchau@ucdavis.edu","(-121.940467, 37.296485","1","0","1","0","Adapter","0","2","0","ChargePoint Network"
"182434","1","KOHL'S - CHPT 0977 CAMPBELL 1","525 E Hamilton Ave","Campbell","CA","95008","dchau@ucdavis.edu","(-121.94044, 37.296484","1","0","1","0","Adapter","0","2","0","ChargePoint Network"
"183021","1","THE PEARL GEV 2","687 S Hobart Blvd","Los Angeles","CA","90005","kcacastro@ucdavis.edu","(-118.305587, 34.060859","1","0","1","0","Adapter","0","1","0","ChargePoint Network"
"183313","1","ACAM1 ACAM-CP1","360 Devlin Rd","Napa","CA","94558","irereyes@ucdavis.edu","(-122.259026, 38.230022","1","0","1","0","CCS","0","2","0","ChargePoint Network"
"183372","1","TARGET T0938 STATION 1","3900 Sisk Road","Modesto","CA","95356","eeboyd@ucdavis.edu","(-121.064223, 37.694615","1","0","1","0","null","0","2","0","ChargePoint Network"
"183373","1","TARGET T0938 STATION 2","3900 Sisk Rd","Modesto","CA","95356","eeboyd@ucdavis.edu","(-121.064199, 37.694656","1","0","1","0","null","0","2","0","ChargePoint Network"
"183456","1","TARGET T0323 STATION 3","20745 Stevens Creek Blvd","Cupertino","CA","95014","dchau@ucdavis.edu","(-122.036969, 37.324117","1","0","1","0","Adapter","0","2","0","ChargePoint Network"
"184090","1","Westmont High School","4805 Westmont Ave","San Jose","CA","95008","dchau@ucdavis.edu","(-121.9879034, 37.2708793","1","0","1","0","CCS","0","34","0","POWERFLEX"
"184092","1","Del Mar High School","1224 Del Mar Ave","San Jose","CA","95128","dchau@ucdavis.edu","(-121.9309891, 37.3055389","1","0","1","0","Adapter","0","22","0","POWERFLEX"
"184093","1","Blackford Learning Center","3800 Blackford Ave","San Jose","CA","95117","eeboyd@ucdavis.edu","(-121.9694253, 37.3127636","1","0","1","0","null","0","50","0","POWERFLEX"
"184094","1","Leigh High School","5210 Leigh Ave","San Jose","CA","95124","eeboyd@ucdavis.edu","(-121.9215079, 37.241732","1","0","1","0","null","0","48","0","POWERFLEX"
"184882","1","WALNUT CREEK WIGET 3-4","111 North Wiget Ln","Walnut Creek","CA","94598","irereyes@ucdavis.edu","(-122.0249, 37.924942","1","0","1","0","CCS","0","2","0","ChargePoint Network"
"184885","1","WALNUT CREEK WIGET 9-10","111 North Wiget Ln","Walnut Creek","CA","94598","irereyes@ucdavis.edu","(-122.024906, 37.92509","1","0","1","0","Adapter","0","2","0","ChargePoint Network"
"184887","1","WALNUT CREEK WIGET 13-14","111 North Wiget Ln","Walnut Creek","CA","94598","kcacastro@ucdavis.edu","(-122.02496, 37.925184","1","0","1","0","Adapter","0","2","0","ChargePoint Network"
"184888","1","WALNUT CREEK WIGET 15","111 North Wiget Ln","Walnut Creek","CA","94598","eeboyd@ucdavis.edu","(-122.024963, 37.925231","1","0","1","0","null","0","1","0","ChargePoint Network"
"184979","1","6TEN EAST 2ND FLOOR 1","610 E Weddell Dr","Sunnyvale","CA","94089","jjbang@ucdavis.edu","(-122.011716, 37.396452","1","0","1","0","Adapter","0","2","0","ChargePoint Network"
"185254","1","DC CORRIDOR GROVELAND M L2","18990 CA-120","Groveland","CA","95321","eeboyd@ucdavis.edu","(-120.226369, 37.840545","1","0","1","0","null","0","2","0","ChargePoint Network"
"185255","1","MOTEL6 LODI CA MOTEL 6 LODI 1","1140 S Cherokee Ln","Lodi","CA","95240","dchau@ucdavis.edu","(-121.258046, 38.119602","1","0","1","0","CCS","0","2","0","ChargePoint Network"
"185583","1","Safeway 0928 - Pleasant Hill, CA","600 Patterson Blvd.","Pleasant Hill","CA","94523","schakravarty@ucdavis.edu","(-122.07315, 37.93447","1","0","0","0","CCS","0","1","3","Electrify America"
"185590","1","Bryant Street Parking Garage","445 Bryant St","Palo Alto","CA","94301","dchau@ucdavis.edu","(-122.162067, 37.44662","1","0","1","0","CCS","0","6","0","POWERFLEX"
"186874","1","Copperopolis Town Square - Tesla Supercharger","100 Town Square Road","Copperopolis","CA","95228","nibarron@ucdavis.edu","(-120.653296, 37.972834","1","1","1","0","Tesla","0","0","12","Tesla"
"187151","1","Truxel Rd - Sacramento CA","3721 Truxel Rd.","Sacramento","CA","95834","dchau@ucdavis.edu","(-121.504748, 38.637266","1","0","0","0","Adapter","0","0","2","SHELL_RECHARGE"
"187715","1","Vons 11322 Los Alamitos Blvd Los Alamitos CA","11322 Los Alamitos Blvd","Los Alamitos","CA","90720","eeboyd@ucdavis.edu","(-118.071177, 33.798046","1","0","1","0","null","0","2","0","SHELL_RECHARGE"
"187908","1","Save Mart FoodMaxx 462 (Newark, CA)","39966 Cedar Blvd","Newark","CA","94560","eeboyd@ucdavis.edu","(-121.99236, 37.51923","1","0","0","0","null","0","0","4","Electrify America"
"189283","1","EVCharge4U Main Office","1805 Martin Luther King Jr Way","Berkeley","CA","94709","eeboyd@ucdavis.edu","(-122.27309, 37.874052","1","0","1","0","null","0","2","0","AMPUP"
"189493","1","GRAHAM STATION 4","1455 McCandless Dr","Milpitas","CA","95035","dchau@ucdavis.edu","(-121.90052, 37.410442","1","0","1","0","Adapter","0","1","0","ChargePoint Network"
"189494","1","GRAHAM STATION 3","1455 McCandless Dr","Milpitas","CA","95035","dchau@ucdavis.edu","(-121.900536, 37.41063","1","0","1","0","Adapter","0","2","0","ChargePoint Network"
"189495","1","GRAHAM STATION 2","1475 McCandless Dr","Milpitas","CA","95035","dchau@ucdavis.edu","(-121.90054, 37.41065","1","0","1","0","Adapter","0","2","0","ChargePoint Network"
"189575","1","GRAHAM STATION 5","1455 McCandless Dr","Milpitas","CA","95035","dchau@ucdavis.edu","(-121.90012, 37.41057","1","0","1","0","Adapter","0","2","0","ChargePoint Network"
"189576","1","GRAHAM STATION 6","1455 McCandless Dr","Milpitas","CA","95035","dchau@ucdavis.edu","(-121.90012, 37.410515","1","0","1","0","Adapter","0","2","0","ChargePoint Network"
"189577","1","GRAHAM STATION 8","1455 McCandless Dr","Milpitas","CA","95035","dchau@ucdavis.edu","(-121.900116, 37.41041","1","0","1","0","Adapter","0","2","0","ChargePoint Network"
"189578","1","GRAHAM STATION 7","1455 McCandless Dr","Milpitas","CA","95035","dchau@ucdavis.edu","(-121.900116, 37.410477","1","0","1","0","Adapter","0","1","0","ChargePoint Network"
"189584","1","GRAHAM STATION 1","1455 McCandless Dr","Milpitas","CA","95035","dchau@ucdavis.edu","(-121.90055, 37.4107","1","0","1","0","Adapter","0","2","0","ChargePoint Network"
"190479","1","Holiday Market - Tesla Supercharger","1200 West 12th Street","Alturas","CA","96101","eeboyd@ucdavis.edu","(-120.559776, 41.495392","1","1","1","0","Adapter","0","0","8","Tesla"
"190504","1","Yreka, CA - Tesla Supercharger","1808 Fort Jones Road","Yreka","CA","96097","dchau@ucdavis.edu","(-122.645088, 41.701531","1","1","1","0","Tesla","0","0","12","Tesla"
"191148","1","WALNUT CREEK BROADWAY 1-2","1390 N Broadway","Walnut Creek","CA","94596","irereyes@ucdavis.edu","(-122.059075, 37.89929","1","0","1","0","Adapter","0","2","0","ChargePoint Network"
"191360","1","STANFORD OAK ROAD #1","484 Oak Rd","Stanford","CA","94305","dchau@ucdavis.edu","(-122.184476, 37.429259","1","0","1","0","CCS","0","1","0","ChargePoint Network"
"191699","1","Shell Gas - Tesla Supercharger","10565 Copus Road","Bakersfield","CA","93313","irereyes@ucdavis.edu","(-119.040045, 35.094616","1","1","1","0","Tesla","0","0","20","Tesla"
"193594","1","PELL REDWOOD 1","504 Redwood Blvd","Novato","CA","94947","jjbang@ucdavis.edu","(-122.542206, 38.073433","1","0","1","0","CCS","0","2","0","ChargePoint Network"
"194068","1","Circle K - Tesla Supercharger","30515 Temecula Parkway","Temecula","CA","92592","irereyes@ucdavis.edu","(-117.12932, 33.475149","1","1","1","0","Tesla","0","0","8","Tesla"
"194075","1","The Shoppes at Chino Hills - Tesla Supercharger","13920 City Center Drive","Chino Hills","CA","91709","irereyes@ucdavis.edu","(-117.731178, 34.002241","1","1","1","0","Tesla","0","0","16","Tesla"
"194090","1","Creekside Marketplace - Tesla Supercharger","563 Grand Avenue","San Marcos","CA","92069","irereyes@ucdavis.edu","(-117.175992, 33.136529","1","1","1","0","Tesla","0","0","20","Tesla"
"194206","1","PARCEL A ENCASA 2","550 E Weddell Dr","Sunnyvale","CA","94089","jjbang@ucdavis.edu","(-122.012784, 37.397729","1","0","1","0","Adapter","0","2","0","ChargePoint Network"
"194237","1","US 101 - Smith River CA","10700 US-101","Smith River","CA","95567","eeboyd@ucdavis.edu","(-124.165032, 41.93302","1","0","0","0","Adapter","0","2","2","SHELL_RECHARGE"
"194250","1","COUNTY EMPLOYEE PS1 #3","2220 Moorpark Ave","San Jose","CA","95128","dchau@ucdavis.edu","(-121.934019, 37.315317","1","0","1","0","Adapter","0","2","0","ChargePoint Network"
"194251","1","COUNTY EMPLOYEE PS1 #4","2220 Moorpark Ave","San Jose","CA","95128","dchau@ucdavis.edu","(-121.934025, 37.315367","1","0","1","0","Adapter","0","2","0","ChargePoint Network"
"194893","1","400 Oyster Point Marina Plaza","400 Oyster Point , B1, #117","South San Francisco","CA","94080","eeboyd@ucdavis.edu","(-122.3824533, 37.6655539","1","0","1","0","null","0","10","0","Blink Network"
"194895","1","225 WSC","225 West Santa Clara","San Jose","CA","95113","eeboyd@ucdavis.edu","(-121.8946745, 37.335081","1","0","1","0","null","0","4","0","Blink Network"
"194909","1","Days Inn & Suites","1111 South Harbor Boulevard","Anaheim","CA","92805","nibarron@ucdavis.edu","(-117.9158076, 33.8189166","1","0","1","0","Adapter","0","2","0","Blink Network"
"195224","1","Milpitas City Hall","455 E. Calaveras Blvd.","Milpitas","CA","95035","dchau@ucdavis.edu","(-121.8990844, 37.4329175","1","0","1","0","CCS","0","2","0","Blink Network"
"195695","1","Outlets at Tejon - Tesla Supercharger","5701 Outlets at Tejon Parkway","Arvin","CA","93203","nibarron@ucdavis.edu","(-118.943854, 34.985735","1","1","1","0","Adapter","0","0","76","Tesla"
"196048","1","DC CORRIDOR LOS BANOS DC1","1458 Mercey Springs Rd","Los Banos","CA","93635","nibarron@ucdavis.edu","(-120.8352, 37.055397","1","0","0","0","Adapter","0","0","1","ChargePoint Network"
"196262","1","CalTrans - Westley Rest Area Northbound","Westley SRRA - Northbound, I-5","Westley","CA","95387","eeboyd@ucdavis.edu","(-121.3230116, 37.58406431","1","0","0","0","null","0","0","2","Non-Networked"
"196523","1","Diamond Mountain Casino & Hotel - Tesla Supercharger","900 Skyline Road","Susanville","CA","96130","eeboyd@ucdavis.edu","(-120.657908, 40.430917","1","1","1","0","Adapter","0","0","8","Tesla"
"197102","1","EV CHARGING MILPITAS EXT","1450 Escuela Pkwy","Milpitas","CA","95035","eeboyd@ucdavis.edu","(-121.900821, 37.453371","1","0","1","0","null","0","2","0","ChargePoint Network"
"197112","1","CITY OF NOVATO HAMILTON","Hamilton Theatre Parking Lot","Novato","CA","94949","jjbang@ucdavis.edu","(-122.51858, 38.056732","1","0","1","0","CCS","0","2","0","ChargePoint Network"
"197172","1","ALTABATESSUMMIT ASHBY GRG EV6","2420 Ashby Ave ASHBY GARAGE","Berkeley","CA","94705","dchau@ucdavis.edu","(-122.258484, 37.855858","1","0","1","0","Tesla","0","2","0","ChargePoint Network"
"197173","1","ALTABATESSUMMIT ASHBY GRG EV3","2420 Ashby Ave ASHBY GARAGE","Berkeley","CA","94705","dchau@ucdavis.edu","(-122.258515, 37.855967","1","0","1","0","Tesla","0","2","0","ChargePoint Network"
"197174","1","ALTABATESSUMMIT ASHBY GRG EV5","2420 Ashby Ave ASHBY GARAGE","Berkeley","CA","94705","dchau@ucdavis.edu","(-122.25847, 37.855787","1","0","1","0","Tesla","0","2","0","ChargePoint Network"
"197175","1","ALTABATESSUMMIT ASHBY GRG EV2","2420 Ashby Ave ASHBY GARAGE","Berkeley","CA","94705","dchau@ucdavis.edu","(-122.258563, 37.856127","1","0","1","0","Tesla","0","1","0","ChargePoint Network"
"197183","1","ALTABATESSUMMIT ASHBY GRG EV1","2420 Ashby Ave ASHBY GARAGE","Berkeley","CA","94705","dchau@ucdavis.edu","(-122.25856, 37.856045","1","0","1","0","Tesla","0","2","0","ChargePoint Network"
"197383","1","Carls Jr - 2025 E. Katella Ave., Anaheim","2025 E Katella Avenue","Anaheim","CA","92806","nibarron@ucdavis.edu","(-117.887863, 33.803741","1","0","1","0","Adapter","0","3","0","Blink Network"
"197443","1","Columbia College Lower Parking","11600 Columbia College Dr","Sonora","CA","95370","eeboyd@ucdavis.edu","(-120.388951, 38.028021","1","0","1","0","null","0","2","0","Non-Networked"
"197693","1","DC CORRIDOR CARL'S JR. L2","1842 Fort Jones Rd","Yreka","CA","96097","dchau@ucdavis.edu","(-122.645181, 41.702355","1","0","1","0","Tesla","0","2","0","ChargePoint Network"
"197755","1","The Marine Mammal Center","2000 Bunker Road","Sausalito","CA","94965","eeboyd@ucdavis.edu","(-122.531747, 37.83519","1","0","1","0","null","0","3","0","Blink Network"
"197781","1","SMCCD EDISON 1","20 Perimeter Rd College of San Mateo","San Mateo","CA","94010","eeboyd@ucdavis.edu","(-122.336403, 37.537345","1","0","1","0","null","0","2","0","ChargePoint Network"
"197782","1","SMCCD EDISON 2","20 Perimeter Rd College of San Mateo","San Mateo","CA","94010","eeboyd@ucdavis.edu","(-122.336458, 37.537416","1","0","1","0","null","0","2","0","ChargePoint Network"
"197783","1","SMCCD EDISON 3","20 Perimeter Rd College of San Mateo","San Mateo","CA","94402","eeboyd@ucdavis.edu","(-122.336525, 37.53744","1","0","1","0","null","0","2","0","ChargePoint Network"
"197784","1","SMCCD EDISON 4","20 Perimeter Rd College of San Mateo","San Mateo","CA","94402","eeboyd@ucdavis.edu","(-122.336586, 37.537464","1","0","1","0","null","0","2","0","ChargePoint Network"
"197785","1","SMCCD EDISON 7","20 Perimeter Rd College of San Mateo","San Mateo","CA","94010","eeboyd@ucdavis.edu","(-122.336795, 37.53764","1","0","1","0","null","0","2","0","ChargePoint Network"
"197786","1","SMCCD EDISON 5","20 Perimeter Rd College of San Mateo","San Mateo","CA","94010","eeboyd@ucdavis.edu","(-122.336634, 37.537521","1","0","1","0","null","0","2","0","ChargePoint Network"
"198124","1","MARTINEZ CA CITY HALL 02","525 Henrietta St","Martinez","CA","94553","kcacastro@ucdavis.edu","(-122.135098, 38.013956","1","0","1","0","Adapter","0","2","0","ChargePoint Network"
"198184","1","DC CORRIDOR DUNSMUIR DC","4917 Dunsmuir Ave","Dunsmuir","CA","96025","eeboyd@ucdavis.edu","(-122.276237, 41.222996","1","0","0","0","Adapter","0","0","1","ChargePoint Network"
"199280","1","HOSPITAL MMCMS SO PARK 1","830 Pine St","Mount Shasta","CA","96067","dchau@ucdavis.edu","(-122.320668, 41.31813","1","0","1","0","Tesla","0","2","0","ChargePoint Network"
"199283","1","HOSPITAL MMCMS SO PARK 2","914 Pine St","Mount Shasta","CA","96067","dchau@ucdavis.edu","(-122.321199, 41.318661","1","0","1","0","Tesla","0","2","0","ChargePoint Network"
"199299","1","HOSPITAL SMMC SF EV 03","450 Stanyan St","San Francisco","CA","94117","dchau@ucdavis.edu","(-122.453587, 37.774158","1","0","1","0","CCS","0","2","0","ChargePoint Network"
"199304","1","HOSPITAL SJMC 01","1800 N California St","Stockton","CA","95204","irereyes@ucdavis.edu","(-121.287841, 37.970424","1","0","1","0","Adapter","0","2","0","ChargePoint Network"
"199311","1","HOSPITAL SECH EV 01","2455 Sister Mary Columba Dr","Red Bluff","CA","96080","dchau@ucdavis.edu","(-122.220444, 40.148333","1","0","1","0","Tesla","0","2","0","ChargePoint Network"
"199333","1","HOSPITAL SECH EV 02","2455 Sister Mary Columba Dr","Red Bluff","CA","96080","dchau@ucdavis.edu","(-122.220412, 40.148296","1","0","1","0","Tesla","0","2","0","ChargePoint Network"
"199384","1","DC CORRIDOR LUCKY7 CASINO 2","350 N Indian Rd","Smith River","CA","95567","eeboyd@ucdavis.edu","(-124.202217, 41.956729","1","0","0","0","null","0","0","1","ChargePoint Network"
"199501","1","DC CORRIDOR BENBOW INN DC","445 Lake Benbow Dr","Garberville","CA","95542","eeboyd@ucdavis.edu","(-123.790085, 40.067257","1","0","0","0","Adapter","0","0","1","ChargePoint Network"
"200752","1","DC CORRIDOR DC CASTAIC 2","27923 Sloan Canyon Rd","Castaic","CA","91384","kcacastro@ucdavis.edu","(-118.626095, 34.496218","1","0","0","0","Adapter","0","0","1","ChargePoint Network"
"200753","1","DC CORRIDOR DC CASTAIC 1","27923 Sloan Canyon Rd","Castaic","CA","91384","kcacastro@ucdavis.edu","(-118.626065, 34.496216","1","0","0","0","Adapter","0","0","1","ChargePoint Network"
"201166","1","SANDPIPER EVC SANDPIPER 1","999 Marshall Rd","Vacaville","CA","95687","jjbang@ucdavis.edu","(-121.9758, 38.344955","1","0","1","0","CCS","0","2","0","ChargePoint Network"
"201233","1","DC CORRIDOR CLOVERDALE DC2","1139 S Cloverdale Blvd","Cloverdale","CA","95425","laulin@ucdavis.edu","(-123.013309, 38.784669","1","0","0","0","CCS","0","0","1","ChargePoint Network"
"201677","1","Bravo Farms - Tesla Supercharger","33341 Bernard Drive","Kettleman City","CA","93239","eeboyd@ucdavis.edu","(-119.957777, 35.986107","1","1","1","0","null","0","0","55","Tesla"
"202151","1","DC CORRIDOR GROVELAND M DC1","18990 CA-120","Groveland","CA","95321","eeboyd@ucdavis.edu","(-120.226499, 37.840565","1","0","0","0","null","0","0","1","ChargePoint Network"
"202253","1","DC CORRIDOR GROVELAND M DC2","18990 CA-120","Groveland","CA","95321","eeboyd@ucdavis.edu","(-120.226534, 37.840572","1","0","0","0","null","0","0","1","ChargePoint Network"
"202640","1","Foothill High School","9733 Deschutes Rd","Palo Cedro","CA","96073","dchau@ucdavis.edu","(-122.234671, 40.568975","1","0","1","0","Tesla","0","4","0","EV Connect"
"202662","1","DC CORRIDOR NUGGET L2","130 Browns Valley Pkwy","Vacaville","CA","95688","dchau@ucdavis.edu","(-121.967967, 38.364741","1","0","1","0","Adapter","0","2","0","ChargePoint Network"
"202947","1","HUDSON875 GW 1","875 Howard St","San Francisco","CA","94103","dchau@ucdavis.edu","(-122.403957, 37.781943","1","0","1","0","Adapter","0","2","0","ChargePoint Network"
"204492","1","LODI, CA EV LODI FINANCE","310 W Elm St","Lodi","CA","95240","dchau@ucdavis.edu","(-121.277214, 38.135166","1","0","1","0","CCS","0","2","0","ChargePoint Network"
"204665","1","ESSEX 420 STATION","420 Station Park Cir","San Mateo","CA","94402","dchau@ucdavis.edu","(-122.308063, 37.554888","1","0","1","0","CCS","0","2","0","ChargePoint Network"
"204953","1","FEATHER RIVER FEATHER RIVER","4512 Feather River Dr","Stockton","CA","95219","dchau@ucdavis.edu","(-121.34702, 37.982952","1","0","1","0","CCS","0","2","0","ChargePoint Network"
"205277","1","Topline Milpitas Square (Milpitas, CA)","320 Barber Ct","Milpitas","CA","95035","dchau@ucdavis.edu","(-121.91823, 37.4229","1","0","0","0","CCS","0","0","4","Electrify America"
"205600","1","UOP CHARGERS LOT 7","897 Presidents Dr","Stockton","CA","95211","irereyes@ucdavis.edu","(-121.311479, 37.982053","1","0","1","0","Adapter","0","2","0","ChargePoint Network"
"205601","1","UOP CHARGERS LOT 4","3601 Pacific Ave","Stockton","CA","95211","irereyes@ucdavis.edu","(-121.312299, 37.978008","1","0","1","0","Adapter","0","2","0","ChargePoint Network"
"205603","1","UOP CHARGERS LOT 14","1212 Brookside Rd","Stockton","CA","95207","irereyes@ucdavis.edu","(-121.317285, 37.981251","1","0","1","0","Adapter","0","2","0","ChargePoint Network"
"205609","1","UOP CHARGERS LOT 10","797 Brookside Rd","Stockton","CA","95207","dchau@ucdavis.edu","(-121.313063, 37.984316","1","0","1","0","CCS","0","2","0","ChargePoint Network"
"206101","1","EXPANSIVE STATION1-2150","2150 N 1st St","San Jose","CA","95131","eeboyd@ucdavis.edu","(-121.919865, 37.37755","1","0","1","0","null","0","2","0","ChargePoint Network"
"206269","1","Auburn, CA - Tesla Supercharger","13437 Bowman Road","Auburn","CA","95603","irereyes@ucdavis.edu","(-121.058145, 38.926331","1","1","1","0","Adapter","0","0","12","Tesla"
"206492","1","CUPERTINO ADA STATION 2","10800 Torre Ave","Cupertino","CA","95014","irereyes@ucdavis.edu","(-122.028379, 37.317671","1","0","1","0","Tesla","0","1","0","ChargePoint Network"
"206493","1","CUPERTINO ADA STATION 1","10800 Torre Ave","Cupertino","CA","95014","irereyes@ucdavis.edu","(-122.028379, 37.317649","1","0","1","0","Tesla","0","1","0","ChargePoint Network"
"206611","1","Weaverville, CA - Tesla Supercharger","1665  Main Street","Weaverville","CA","96093","eeboyd@ucdavis.edu","(-122.928066, 40.72053","1","1","1","0","Adapter","0","0","8","Tesla"
"206612","1","Union Square Marketplace - Tesla Supercharger","34536  Alvarado-Niles Road","Union City","CA","94587","dchau@ucdavis.edu","(-122.02045, 37.587162","1","1","1","0","Tesla","0","0","12","Tesla"
"206766","1","OAKLEY CIVIC C1 OAKLEY CIV EV1","3231 Main St","Oakley","CA","94561","kcacastro@ucdavis.edu","(-121.718255, 37.996903","1","0","1","0","Adapter","0","1","0","ChargePoint Network"
"206904","1","SAN CARLOS STATION 1","657 walnut street","San Carlos","CA","94070","dchau@ucdavis.edu","(-122.26097, 37.505978","1","0","1","0","CCS","0","1","0","ChargePoint Network"
"206905","1","SAN CARLOS STATION 2","657 walnut street","San Carlos","CA","94070","dchau@ucdavis.edu","(-122.261275, 37.50573","1","0","1","0","CCS","0","1","0","ChargePoint Network"
"206906","1","SAN CARLOS STATION 3","657 walnut street","San Carlos","CA","94070","irereyes@ucdavis.edu","(-122.261074, 37.506066","1","0","1","0","Adapter","0","2","0","ChargePoint Network"
"207276","1","Morada Ranch - Tesla Supercharger","4255  East Morada Lane","Stockton","CA","95212","nibarron@ucdavis.edu","(-121.261056, 38.038927","1","1","1","0","Tesla","0","0","12","Tesla"
"213107","1","East Middlefield Road","199 E Middlefield Rd","Mountain View","CA","94043","eeboyd@ucdavis.edu","(-122.0620634, 37.3976662","1","0","0","0","null","0","0","8","eVgo Network"
"215015","1","DC CORRIDOR LODI SHELL DC2","6437 Thornton Rd","Lodi","CA","95242","dchau@ucdavis.edu","(-121.39468, 38.115037","1","0","0","0","CCS","0","0","1","ChargePoint Network"
"216365","1","Golden Corral - Tesla Supercharger","2850   West Grant Line Road","Tracy","CA","95304","eeboyd@ucdavis.edu","(-121.467661, 37.752906","1","1","1","0","null","0","0","12","Tesla"
"216448","1","SANDPIPER EVC SANDPIPER 2","999 Marshall Rd","Vacaville","CA","95687","jjbang@ucdavis.edu","(-121.975655, 38.34496","1","0","1","0","Adapter","0","2","0","ChargePoint Network"
"216575","1","OAKLEY CIVIC C1 OAKLEY CIV EV2","3231 Main St","Oakley","CA","94561","kcacastro@ucdavis.edu","(-121.717836, 37.99703","1","0","1","0","Adapter","0","2","0","ChargePoint Network"
"217096","1","Holiday Market - Tesla Supercharger","20635  Gas Point Road","Cottonwood","CA","96022","dchau@ucdavis.edu","(-122.288043, 40.389124","1","1","1","0","Tesla","0","0","12","Tesla"
"218213","1","1199 E Beach Street (US-TL7-QXE-2)","1199 E Beach Street","San Francisco","CA","94129","eeboyd@ucdavis.edu","(-122.449455, 37.806096","1","0","1","0","null","0","1","0","RIVIAN_WAYPOINTS"
"218530","1","Arroyo High School","4921 Cedar Avenue","El Monte","CA","91732","eeboyd@ucdavis.edu","(-118.021125, 34.093826","1","0","1","0","null","0","3","0","SHELL_RECHARGE"
"218551","1","PF CA SAR SAR","12930 Saratoga Ave","Saratoga","CA","95070","dchau@ucdavis.edu","(-122.002284, 37.279935","1","0","1","0","Adapter","0","20","0","POWERFLEX"
"218607","1","Willow Creek Maintenance Station","634 Highway 96","Willow Creek","CA","95573","eeboyd@ucdavis.edu","(-123.6369148, 40.9476387","1","0","0","0","Adapter","0","0","1","Non-Networked"
"218609","1","Shell","14385 Wonderland Blvd","Redding","CA","96003","dchau@ucdavis.edu","(-122.3380304, 40.7068881","1","0","1","0","Tesla","0","1","0","Non-Networked"
"218923","1","WorldMark by Wyndham - Angels Camp","123 Selkirk Ranch Road","Angels Camp","CA","95222","eeboyd@ucdavis.edu","(-120.5534091, 38.0703582","1","0","1","0","null","0","2","0","Blink Network"
"219000","1","549 Clara St","549 Clara St","Los Angeles","CA","90012","kcacastro@ucdavis.edu","(-118.232109, 34.057116","1","0","1","0","Adapter","0","1","0","FLO"
"219765","1","HILTON SAN FRAN STATION 2","600 Airport Blvd.","Burlingame","CA","94010","eeboyd@ucdavis.edu","(-122.343423, 37.589505","1","0","1","0","null","0","1","0","ChargePoint Network"
"220380","1","EVSP WALGREENS STORE 4570","3001 Taraval St","San Francisco","CA","94116","dchau@ucdavis.edu","(-122.498475, 37.741657","1","0","1","0","Adapter","0","1","0","ChargePoint Network"
"220767","1","WPMI WPM STN 1","8038 Chilnualna Falls Rd","Wawona","CA","95389","eeboyd@ucdavis.edu","(-119.640503, 37.548774","1","0","1","0","null","0","2","0","ChargePoint Network"
"220936","1","MDP CHARGER CHARGER 1","2175 N California Blvd","Walnut Creek","CA","94596","irereyes@ucdavis.edu","(-122.066261, 37.908772","1","0","1","0","CCS","0","2","0","ChargePoint Network"
"221242","1","Barbara Lee Senior Center","40 N Milpitas Blvd","Milpitas","CA","95035","dchau@ucdavis.edu","(-121.8992168, 37.4337395","1","0","1","0","CCS","0","4","0","Blink Network"
"222489","1","Healdsburg","33 Healdsburg Ave","Healdsburg","CA","95448","irereyes@ucdavis.edu","(-122.864024, 38.603153","1","0","0","0","CCS","0","2","2","SHELL_RECHARGE"
"222899","1","Eagle Valley","515 Keystone Blvd","Patterson","CA","95363","eeboyd@ucdavis.edu","(-121.162293, 37.474551","1","0","1","0","null","0","2","0","Non-Networked"
"224402","1","CITY OF SONOMA CITYSONOMA_2","152 E Napa St","Sonoma","CA","95476","nibarron@ucdavis.edu","(-122.455455, 38.29211","1","0","1","0","CCS","0","1","0","ChargePoint Network"
"224445","1","St Jorge Winery","22769 Bender Rd","Acampo","CA","95220","dchau@ucdavis.edu","(-121.317527, 38.191459","1","0","1","0","CCS","0","1","0","Blink Network"
"225670","1","TUSD - BOHN BOHN ELEM 1","350 E Mt Diablo Ave","Tracy","CA","95376","eeboyd@ucdavis.edu","(-121.420621, 37.728918","1","0","1","0","null","0","2","0","ChargePoint Network"
"225671","1","TUSD - BOHN BOHN ELEM 2","350 E Mt Diablo Ave","Tracy","CA","95376","kcacastro@ucdavis.edu","(-121.42068, 37.72891","1","0","1","0","CCS","0","2","0","ChargePoint Network"
"225689","1","HANOVER COMPANY STATION 1","717 W Julian St","San Jose","CA","95126","eeboyd@ucdavis.edu","(-121.906664, 37.333913","1","0","1","0","null","0","2","0","ChargePoint Network"
"225927","1","Sheraton Park Hotel","1855 South Harbor Dr","Anaheim","CA","92802","nibarron@ucdavis.edu","(-117.916878, 33.800827","1","0","1","0","Adapter","0","10","0","EVRANGE"
"226070","1","Main Location","400 E. Main, Suite 740","Stockton","CA","95202","irereyes@ucdavis.edu","(-121.2849885, 37.9528464","1","0","1","0","Tesla","0","2","0","Blink Network"
"226529","1","Hotel Mission De Oro - Tesla Supercharger","13070 CA-33","Santa Nella","CA","95322","nibarron@ucdavis.edu","(-121.01207, 37.100253","1","1","1","0","Adapter","0","0","12","Tesla"
"226533","1","Countryside Plaza - Tesla Supercharger","1680 Countryside Drive","Turlock","CA","95380","mpfavetti@ucdavis.edu","(-120.8761, 37.50877","1","1","1","0","NACS","0","0","16","Tesla"
"226641","1","TRAC953 CHARGER #35","5655 Hood Wy","Tracy","CA","95377","irereyes@ucdavis.edu","(-121.507596, 37.728723","1","0","1","0","Adapter","0","1","0","ChargePoint Network"
"226642","1","TRAC953 CHARGER #34","5655 Hood Wy","Tracy","CA","95377","eeboyd@ucdavis.edu","(-121.507505, 37.728599","1","0","1","0","null","0","2","0","ChargePoint Network"
"226646","1","Fortuna","1805 Alamar Way","Fortuna","CA","95540","eeboyd@ucdavis.edu","(-124.15304, 40.578868","1","0","0","0","Adapter","0","2","2","SHELL_RECHARGE"
"226705","1","TRAC953 CHARGER #36","5655 Hood Wy","Tracy","CA","95377","eeboyd@ucdavis.edu","(-121.507597, 37.728734","1","0","1","0","null","0","2","0","ChargePoint Network"
"227362","1","TUSD MONTEVISTA MONTE VISTA MS1","751 W Lowell Ave","Tracy","CA","95376","eeboyd@ucdavis.edu","(-121.436735, 37.748583","1","0","1","0","null","0","2","0","ChargePoint Network"
"227363","1","TUSD MONTEVISTA MONTE VISTA MS2","751 W Lowell Ave","Tracy","CA","95376","eeboyd@ucdavis.edu","(-121.436756, 37.748566","1","0","1","0","null","0","1","0","ChargePoint Network"
"227364","1","TUSD MONTEVISTA MONTE VISTA MS3","751 W Lowell Ave","Tracy","CA","95376","dchau@ucdavis.edu","(-121.436724, 37.748575","1","0","1","0","CCS","0","1","0","ChargePoint Network"
"227402","1","Heritage Village Offices","51 E Campbell Ave","Campbell","CA","95008","eeboyd@ucdavis.edu","(-121.9486887, 37.2877354","1","0","1","0","null","0","2","0","EVMATCH"
"227699","1","Solano 80 Shopping Center - Tesla Supercharger","2155  Solano Avenue","Vallejo","CA","94590","irereyes@ucdavis.edu","(-122.230355, 38.104548","1","1","1","0","Tesla","0","0","20","Tesla"
"227703","1","Buttonwillow Raceway - Tesla Supercharger","24551  West Lerdo Highway","Buttonwillow","CA","93206","nibarron@ucdavis.edu","(-119.554083, 35.497954","1","1","1","0","Adapter","0","0","16","Tesla"
"227708","1","Power Market - Tesla Supercharger","192 Lathrop Road","Lathrop","CA","95330","dchau@ucdavis.edu","(-121.285962, 37.82615","1","1","1","0","Tesla","0","0","11","Tesla"
"228023","1","UC Hastings Parking Garage","376 Larkin St","San Francisco","CA","94102","dchau@ucdavis.edu","(-122.41668, 37.781147","1","0","0","0","Adapter","0","1","2","eVgo Network"
"228039","1","Marsh Manor Shopping Center","3640 Florence St","Redwood City","CA","94063","dchau@ucdavis.edu","(-122.188966, 37.478278","1","0","0","0","Adapter","0","0","3","eVgo Network"
"228047","1","Cupertino Village","10869 N Wolfe Rd","Cupertino","CA","95014","eeboyd@ucdavis.edu","(-122.016164, 37.336232","1","0","0","0","null","0","1","2","eVgo Network"
"228131","1","Hampton Inn Los Angeles-Orange County-Cypress","10900 Yamaha Way","Cypress","CA","90630","nibarron@ucdavis.edu","(-118.0160171, 33.8046079","1","0","0","0","Adapter","0","0","6","eVgo Network"
"228166","1","Whole Foods San Francisco -Trinity Place","1185 Market St","San Francisco","CA","94103","dchau@ucdavis.edu","(-122.41375, 37.7782","1","0","0","0","Adapter","0","0","5","eVgo Network"
"228179","1","Whole Foods Mill Valley - E Blithedale","731 E Blithedale Ave","Mill Valley","CA","94941","eeboyd@ucdavis.edu","(-122.525354, 37.902443","1","0","0","0","null","0","0","3","eVgo Network"
"228223","1","Parking Lot 107 - Sunnyvale","107 S Sunnyvale Ave","Sunnyvale","CA","94086","dchau@ucdavis.edu","(-122.0292882, 37.3771473","1","0","0","0","Adapter","0","0","4","eVgo Network"
"228352","1","Grocery Outlet","1180 N Fair Oaks Ave","Sunnyvale","CA","94089","dchau@ucdavis.edu","(-122.00968, 37.40345","1","0","0","0","CCS","0","0","2","eVgo Network"
"228401","1","Lucky San Francisco #756","1750 Fulton St","San Francisco","CA","94117","jjbang@ucdavis.edu","(-122.44565, 37.77604","1","0","0","0","CCS","0","0","2","eVgo Network"
"228414","1","Twin Canyon Shopping Center","2550 San Ramon Valley Blvd","San Ramon","CA","94583","eeboyd@ucdavis.edu","(-121.974087, 37.773236","1","0","0","0","null","0","0","2","eVgo Network"
"228416","1","San Carlos Library","610 Elm St","San Carlos","CA","94070","dchau@ucdavis.edu","(-122.2618505, 37.5036","1","0","0","0","CCS","0","1","2","eVgo Network"
"228442","1","Serramonte Main Library","40 Wembley Dr","Daly City","CA","94015","eeboyd@ucdavis.edu","(-122.470818, 37.663088","1","0","0","0","null","0","0","4","eVgo Network"
"228639","1","Nut Tree Plaza","1661 E Monte Vista Ave, Suite Q-107","Vacaville","CA","95688","kcacastro@ucdavis.edu","(-121.9619295, 38.368183","1","0","0","0","Adapter","0","0","4","eVgo Network"
"228644","1","Mechanics Bank","201 41st Street","Richmond","CA","94805","schakravarty@ucdavis.edu","(-122.330486, 37.933079","1","0","0","0","CCS","0","0","4","eVgo Network"
"228668","1","El Gato Shopping Center","15710 Los Gatos Blvd","Los Gatos","CA","95032","eeboyd@ucdavis.edu","(-121.9595757, 37.2402767","1","0","0","0","null","0","0","4","eVgo Network"
"228688","1","Whole Foods Temescal (TCL)","5110 Telegraph Ave","Oakland","CA","94609","kcacastro@ucdavis.edu","(-122.2616657, 37.8375988","1","0","0","0","Adapter","0","0","2","eVgo Network"
"228708","1","Prunedale Shopping Center","8065 San Miguel Canyon Rd","Salinas","CA","93907","dchau@ucdavis.edu","(-121.664153, 36.801716","1","0","0","0","Adapter","0","0","6","eVgo Network"
"228762","1","ABB San Jose","3055 Orchard Dr","San Jose","CA","95134","eeboyd@ucdavis.edu","(-121.93781, 37.394653","1","0","0","0","null","0","0","2","eVgo Network"
"229092","1","Redhill Shopping Village - Tesla Supercharger","14521 Red Hill Avenue","Tustin","CA","92780","irereyes@ucdavis.edu","(-117.822, 33.727827","1","1","1","0","Tesla","0","0","12","Tesla"
"229465","1","Stockton MOB","7373 West Lane","Stockton","CA","95210","irereyes@ucdavis.edu","(-121.29534, 38.01914","1","0","1","0","Tesla","0","2","0","Electrify America"
"229501","1","LODI, CA EV CITY HALL 2","221 W Pine St","Lodi","CA","95240","laulin@ucdavis.edu","(-121.2755, 38.13473","1","0","1","0","CCS","0","2","0","ChargePoint Network"
"230759","1","Nob Hill Campbell #606","1602 W Campbell Ave","Campbell","CA","95008","dchau@ucdavis.edu","(-121.9783434, 37.285859","1","0","0","0","NACS","0","0","4","eVgo Network"
"230862","1","DGS Lot 14","1517 13th St","Sacramento","CA","95814","dchau@ucdavis.edu","(-121.491552, 38.572639","1","0","1","0","Adapter","0","8","0","EV Connect"
"230881","1","DGS Lot 88","505 Van Ness Ave","San Francisco","CA","94102","dchau@ucdavis.edu","(-122.4211, 37.78066","1","0","1","0","Adapter","0","9","0","EV Connect"
"231055","1","Belvedere Tiburon Library","1501 Tiburon Blvd.","Belvedere","CA","94920","eeboyd@ucdavis.edu","(-122.461164, 37.877349","1","0","1","0","null","0","3","0","EV Connect"
"231135","1","Jurupa Area Recreation & Park District","5257 Wineville Avenue","Mira loma","CA","91752","eeboyd@ucdavis.edu","(-117.541664, 33.989975","1","0","1","0","null","0","2","0","Blink Network"
"231738","1","VP STATION 3","5921 Rancho Valencia Dr","Rancho Santa Fe","CA","92067","eeboyd@ucdavis.edu","(-117.185726, 32.991418","1","0","1","0","null","0","2","0","ChargePoint Network"
"231788","1","CA ST PARKING A2CF","1451 California St","Redding","CA","96001","dchau@ucdavis.edu","(-122.391784, 40.584621","1","0","1","0","Tesla","0","2","0","ChargePoint Network"
"231789","1","CA ST PARKING A362","1451 California St","Redding","CA","96001","dchau@ucdavis.edu","(-122.391783, 40.584594","1","0","1","0","Tesla","0","2","0","ChargePoint Network"
"231790","1","CA ST PARKING A37B","1451 California St","Redding","CA","96001","dchau@ucdavis.edu","(-122.391793, 40.584612","1","0","1","0","Tesla","0","2","0","ChargePoint Network"
"231791","1","CA ST PARKING A35C","1451 California St","Redding","CA","96001","dchau@ucdavis.edu","(-122.391777, 40.584607","1","0","1","0","Tesla","0","2","0","ChargePoint Network"
"231792","1","CA ST PARKING B105","1451 California St","Redding","CA","96001","dchau@ucdavis.edu","(-122.391797, 40.584596","1","0","1","0","Tesla","0","2","0","ChargePoint Network"
"231793","1","CA ST PARKING B107","1451 California St","Redding","CA","96001","dchau@ucdavis.edu","(-122.391784, 40.584611","1","0","1","0","Tesla","0","2","0","ChargePoint Network"
"231794","1","CA ST PARKING B0D1","1451 California St","Redding","CA","96001","dchau@ucdavis.edu","(-122.391791, 40.584604","1","0","1","0","Tesla","0","2","0","ChargePoint Network"
"231795","1","CA ST PARKING B0D6","1451 California St","Redding","CA","96001","dchau@ucdavis.edu","(-122.391768, 40.584605","1","0","1","0","Tesla","0","2","0","ChargePoint Network"
"231796","1","CA ST PARKING A51F","1451 California St","Redding","CA","96001","dchau@ucdavis.edu","(-122.391773, 40.584616","1","0","1","0","Tesla","0","2","0","ChargePoint Network"
"231797","1","CA ST PARKING B0D2","1451 California St","Redding","CA","96001","dchau@ucdavis.edu","(-122.391773, 40.584595","1","0","1","0","Tesla","0","2","0","ChargePoint Network"
"233172","1","BOA CA3-107 (Milpitas, CA)","740 E Calaveras Blvd","Milpitas","CA","95035","dchau@ucdavis.edu","(-121.89388, 37.43313","1","0","0","0","CCS","0","0","4","Electrify America"
"233286","1","HANGAR BUILDING STATION 1","262 Mt Hermon Rd","Scotts Valley","CA","95066","dchau@ucdavis.edu","(-122.03026, 37.04791","1","0","1","0","NACS","0","2","0","ChargePoint Network"
"234619","1","ESSEX 420-G1","420 Station Park Cir","San Mateo","CA","94402","dchau@ucdavis.edu","(-122.307602, 37.555253","1","0","1","0","CCS","0","2","0","ChargePoint Network"
"235073","1","SJVAPCD MODESTO 3","4800 Enterprise Way","Modesto","CA","95356","laulin@ucdavis.edu","(-121.07161, 37.707706","1","0","1","0","CCS","0","2","0","ChargePoint Network"
"235074","1","SJVAPCD MODESTO 2","4800 Enterprise Way","Modesto","CA","95356","dchau@ucdavis.edu","(-121.071497, 37.707698","1","0","1","0","CCS","0","2","0","ChargePoint Network"
"235075","1","SJVAPCD MODESTO 1","4800 Enterprise Way","Modesto","CA","95356","kcacastro@ucdavis.edu","(-121.071411, 37.707703","1","0","1","0","Adapter","0","2","0","ChargePoint Network"
"235943","1","ORCHARDS1 STATION 2","2800 Ygnacio Valley Rd","Walnut Creek","CA","94598","irereyes@ucdavis.edu","(-122.017843, 37.927579","1","0","1","0","CCS","0","2","0","ChargePoint Network"
"236071","1","Marina Shopping Center","3201 W Benjamin Holt Dr","Stockton","CA","95219","nibarron@ucdavis.edu","(-121.356408, 38.006149","1","0","0","0","CCS","0","10","4","EVCS"
"236247","1","Miranda","6685 Avenue of the Giants","Miranda","CA","95553","eeboyd@ucdavis.edu","(-123.823775, 40.235123","1","0","0","0","Adapter","0","2","2","SHELL_RECHARGE"
"236732","1","ANTON NOMA STATION 7&8","1910 N Main St","Walnut Creek","CA","94596","eeboyd@ucdavis.edu","(-122.06338, 37.90521","1","0","1","0","null","0","2","0","ChargePoint Network"
"236733","1","ANTON NOMA STATION 9","1910 N Main St","Walnut Creek","CA","94596","laulin@ucdavis.edu","(-122.063509, 37.905193","1","0","1","0","CCS","0","1","0","ChargePoint Network"
"236734","1","ANTON NOMA STATION 1&2","1910 N Main St","Walnut Creek","CA","94596","irereyes@ucdavis.edu","(-122.063445, 37.905184","1","0","1","0","Adapter","0","2","0","ChargePoint Network"
"236751","1","ANTON NOMA STATION 5&6","1910 N Main St","Walnut Creek","CA","94596","eeboyd@ucdavis.edu","(-122.063445, 37.905167","1","0","1","0","null","0","2","0","ChargePoint Network"
"236863","1","Plavan Plaza Shopping Center - Tesla Supercharger","9430  Warner Avenue","Fountain Valley","CA","92708","nibarron@ucdavis.edu","(-117.964947, 33.71566","1","1","1","0","Adapter","0","0","12","Tesla"
"236916","1","PARK N RIDE LOT UNIT #1","650 Lotz Way","Suisun City","CA","94585","jjbang@ucdavis.edu","(-122.040037, 38.242958","1","0","1","0","Adapter","0","2","0","ChargePoint Network"
"237624","1","Laguna Promenade - Tesla Supercharger","7119  Elk Grove Boulevard","Elk Grove","CA","95758","dchau@ucdavis.edu","(-121.418091, 38.409915","1","1","1","0","Tesla","0","0","12","Tesla"
"237656","1","Burger King - Tesla Supercharger","30038 Road 8","Dunnigan","CA","95937","dchau@ucdavis.edu","(-121.951531, 38.862885","1","1","1","0","Tesla","0","0","8","Tesla"
"237832","1","St Helena Public Parking Lot","1304 Oak Ave","Saint Helena","CA","94574","eeboyd@ucdavis.edu","(-122.469747, 38.504018","1","0","0","0","null","0","0","2","eVgo Network"
"238008","1","The Sanctuary Beach Resort","3295 Dunes Drive","Marina","CA","93933","eeboyd@ucdavis.edu","(-121.806653, 36.7000132","1","0","1","0","null","0","2","0","EVRANGE"
"238331","1","UDR 214341056415","5421 Campbell Ln","Dublin","CA","94568","eeboyd@ucdavis.edu","(-121.900425, 37.704538","1","0","1","0","null","0","2","0","ChargePoint Network"
"238454","1","UDR 214341056387","5421 Campbell Ln","Dublin","CA","94568","eeboyd@ucdavis.edu","(-121.900298, 37.70453","1","0","1","0","null","0","2","0","ChargePoint Network"
"238569","1","Harris Ranch Inn & Restaurant - Tesla Supercharger","24553 W Dorris Avenue","Coalinga","CA","93210","nibarron@ucdavis.edu","(-120.240479, 36.25387","1","1","1","0","Adapter","0","0","60","Tesla"
"238571","1","Lake Elsinore City Center - Tesla Supercharger","31500 Grape Street","Lake Elsinore","CA","92532","irereyes@ucdavis.edu","(-117.294529, 33.659471","1","1","1","0","Tesla","0","0","16","Tesla"
"238581","1","FLIGHT at Tustin Legacy - Tesla Supercharger","1705 Flight Way","Tustin","CA","92782","irereyes@ucdavis.edu","(-117.83705, 33.70424","1","1","1","0","Tesla","0","0","7","Tesla"
"241216","1","Pacific Collegiate Foundation - Parking Lot","3004 Mission Street","Santa Cruz","CA","95060","eeboyd@ucdavis.edu","(-122.059603, 36.96037","1","0","1","0","null","0","2","0","Blink Network"
"250850","1","Ayres Hotel & Spa - Mission Viejo - Tesla Destination","28951 Los Alisos Blvd","Mission Viejo","CA","92692","eeboyd@ucdavis.edu","(-117.626781, 33.65447","1","1","1","0","null","0","4","0","Tesla Destination"
"251260","1","SCIF - Redding","2125 Shasta View Dr","Redding","CA","96003","dchau@ucdavis.edu","(-122.3231417, 40.57493048","1","0","1","0","Tesla","0","10","0","AMPUP"
"253571","1","CCSF - Ocean Campus Multi-Use Building Lot","50 Frida Kahlo Way","San Francisco","CA","94112","kcacastro@ucdavis.edu","(-122.452746, 37.72491","1","0","1","0","Adapter","0","4","0","SHELL_RECHARGE"
"253595","1","Amazon Fresh Friendly Hills Marketplace 02 DCFC","15311 Whittier Blvd","Whittier","CA","90603","kcacastro@ucdavis.edu","(-118.001759, 33.948259","1","0","0","0","Adapter","0","0","1","SHELL_RECHARGE"
"253638","1","The Promenade at Garden Grove Aldi","9669 Chapman Ave","Garden Grove","CA","92841","nibarron@ucdavis.edu","(-117.960282, 33.789848","1","0","1","0","Adapter","0","2","0","SHELL_RECHARGE"
"253763","1","Whole Foods Market - Tesla Supercharger","340 3rd Street","San Rafael","CA","94901","irereyes@ucdavis.edu","(-122.517435, 37.971118","1","1","1","0","Tesla","0","0","8","Tesla"
"253765","1","Chevron - Tesla Supercharger","5416  Lindhurst Ave","Marysville","CA","95901","laulin@ucdavis.edu","(-121.556525, 39.111127","1","1","1","0","NACS","0","0","8","Tesla"
"254019","1","Chase Bank - 10011 Valley View St","10011 Valley View St","Cypress","CA","90630","nibarron@ucdavis.edu","(-118.028897, 33.816412","1","0","0","0","Adapter","0","0","4","eVgo Network"
"254044","1","VW HYUNDAI CPE250 #1","4620 McHenry Ave","Modesto","CA","95356","eeboyd@ucdavis.edu","(-120.994238, 37.706009","1","0","0","0","null","0","0","1","ChargePoint Network"
"254542","1","Orick","121200 US Hwy 101","Orick","CA","95555","eeboyd@ucdavis.edu","(-124.057728, 41.291077","1","0","0","0","Adapter","0","2","2","SHELL_RECHARGE"
"255506","1","CHICK-FIL-A MTC CHICK-FIL-A (L)","759 E Calaveras Blvd","Milpitas","CA","95035","dchau@ucdavis.edu","(-121.894196, 37.433849","1","0","1","0","CCS","0","1","0","ChargePoint Network"
"256050","1","Woodcreek Plaza - Tesla Supercharger","3001  Travis Boulevard","Fairfield","CA","94534","dchau@ucdavis.edu","(-122.065423, 38.257563","1","1","1","0","Tesla","0","0","12","Tesla"
"256136","1","Wienerschnitzel 874","2500 West A street","Dixon","CA","95620","bnolszewski@ucdavis.edu","(-121.8533875, 38.4461871","1","0","1","0","CCS","0","2","0","Blink Network"
"256279","1","BFF FRONT LOT","2399 Auto Mall Pkwy","Fairfield","CA","94533","laulin@ucdavis.edu","(-122.076269, 38.246158","1","0","1","0","CCS","0","2","0","ChargePoint Network"
"256304","1","RH3C+J3 Marina District (US-7MK-ZS3-3)","RH3C+J3 Marina District","San Francisco","CA","94109","dchau@ucdavis.edu","(-122.42974, 37.804152","1","0","1","0","CCS","0","1","0","RIVIAN_WAYPOINTS"
"257386","1","Raley's Fairfield Travis","3001 Travis Blvd","Fairfield","CA","94534","irereyes@ucdavis.edu","(-122.065411, 38.257326","1","0","0","0","CCS","0","0","6","eVgo Network"
"257845","1","COSUMNES CSD ORC","8013 Poppy Ridge Rd","Elk Grove","CA","95757","nibarron@ucdavis.edu","(-121.40961, 38.391028","1","0","1","0","Tesla","0","2","0","ChargePoint Network"
"257897","1","ROLLING 1 ROLLING 1","3700 Lyon Rd","Fairfield","CA","94534","eeboyd@ucdavis.edu","(-122.03619, 38.29831","1","0","1","0","null","0","2","0","ChargePoint Network"
"259309","1","NVTA TRANCAS PNR 1","2000 Redwood Rd Solano ave","Napa","CA","94558","irereyes@ucdavis.edu","(-122.31029, 38.321655","1","0","1","0","Adapter","0","2","0","ChargePoint Network"
"259310","1","NVTA TRANCAS PNR 2","2000 Redwood Rd Solano ave","Napa","CA","94558","irereyes@ucdavis.edu","(-122.310307, 38.321675","1","0","1","0","Adapter","0","2","0","ChargePoint Network"
"260578","1","OLLV-EV1 STATION 2","389 East Santa Clara Street","San Jose","CA","95113","eeboyd@ucdavis.edu","(-121.88275, 37.340126","1","0","1","0","null","0","2","0","ChargePoint Network"
"260989","1","CHEROKEE M 1 RECEPTION CTR 1","14165 beckman rd","Lodi","CA","95240","irereyes@ucdavis.edu","(-121.25887, 38.10574","1","0","1","0","Adapter","0","1","0","ChargePoint Network"
"260990","1","CHEROKEE M 1 RECEPTION CTR 2","14165 beckman rd","Lodi","CA","95240","kcacastro@ucdavis.edu","(-121.25891, 38.10574","1","0","1","0","Adapter","0","1","0","ChargePoint Network"
"261455","1","Moonraker Millhouse - Tesla Supercharger","3501 Robin Lane","Cameron Park","CA","95682","nibarron@ucdavis.edu","(-120.965823, 38.655867","1","1","1","0","Tesla","0","0","12","Tesla"
"261456","1","Pioneer Market - Tesla Supercharger","5034  Coakley Circle","Mariposa","CA","95338","mpfavetti@ucdavis.edu","(-119.972309, 37.489134","1","1","1","0","NACS","0","0","12","Tesla"
"261473","1","Yermo, CA - Sunrise Canyon Road - Tesla Supercharger","40865 Sunrise Canyon Road","Yermo","CA","92398","irereyes@ucdavis.edu","(-116.769199, 34.919649","1","1","1","0","Tesla","0","0","40","Tesla"
"261498","1","ANTON NOMA STATION 3&4","1910 N Main St","Walnut Creek","CA","94596","jjbang@ucdavis.edu","(-122.063455, 37.905184","1","0","1","0","CCS","0","2","0","ChargePoint Network"
"261710","1","SUTTER HEALTH SMP VALLEJO 3","100 Hospital Dr","Vallejo","CA","94589","dchau@ucdavis.edu","(-122.240517, 38.131375","1","0","1","0","Tesla","0","2","0","ChargePoint Network"
"262348","1","Pine Creek Shopping Center - Tesla Supercharger","692 Freeman Lane","Grass Valley","CA","95949","laulin@ucdavis.edu","(-121.064307, 39.199767","1","1","1","0","NACS","0","0","12","Tesla"
"262349","1","Home Ranch - Tesla Supercharger","18601-18659 Yorba Linda Blvd","Yorba Linda","CA","92886","irereyes@ucdavis.edu","(-117.808147, 33.889198","1","1","1","0","Tesla","0","0","8","Tesla"
"262921","1","SIERRA GARDENS SIERRA GARDENS","16245 Lakewood Blvd","Bellflower","CA","90706","eeboyd@ucdavis.edu","(-118.143066, 33.886128","1","0","1","0","null","0","2","0","ChargePoint Network"
"279342","1","Harrison Street Flagship","928 Harrison Street","San Francisco","CA","94107","dchau@ucdavis.edu","(-122.40272, 37.77856","1","0","0","0","Adapter","0","0","20","Electrify America"
"283649","1","8X8 EV STATIONS STATION 4","675 Creekside Way","Campbell","CA","95008","dchau@ucdavis.edu","(-121.936278, 37.292397","1","0","1","0","Adapter","0","2","0","ChargePoint Network"
"283652","1","8X8 EV STATIONS STATION 6","681 Creekside Way","Campbell","CA","95008","dchau@ucdavis.edu","(-121.936029, 37.292623","1","0","1","0","Adapter","0","2","0","ChargePoint Network"
"283653","1","8X8 EV STATIONS STATION 5","681 Creekside Way","Campbell","CA","95008","dchau@ucdavis.edu","(-121.936235, 37.292379","1","0","1","0","Adapter","0","2","0","ChargePoint Network"
"291438","1","JULIAN BASSETT EV 8AA5","171 W Julian St","San Jose","CA","95110","dchau@ucdavis.edu","(-121.896821, 37.339623","1","0","1","0","Adapter","0","2","0","ChargePoint Network"
"291439","1","JULIAN BASSETT EV 8A8F","171 W Julian St","San Jose","CA","95110","dchau@ucdavis.edu","(-121.896874, 37.339614","1","0","1","0","Adapter","0","2","0","ChargePoint Network"
"295230","1","VESPR RG - VESPR 13","312 24th St","Oakland","CA","94612","kcacastro@ucdavis.edu","(-122.262285, 37.813032","1","0","1","0","Adapter","0","2","0","ChargePoint Network"
"298589","1","Leggett","66150 Drive Thru Tree Rd","Leggett","CA","95585","eeboyd@ucdavis.edu","(-123.717175, 39.850865","1","0","0","0","Adapter","0","2","2","SHELL_RECHARGE"
"299227","1","BLUE DIAMOND TURLOCK 1","1300 N Washington Rd","Turlock","CA","95380","kcacastro@ucdavis.edu","(-120.902843, 37.502996","1","0","1","0","Adapter","0","2","0","ChargePoint Network"
"299228","1","BLUE DIAMOND TURLOCK 3","1300 N Washington Rd","Turlock","CA","95380","kcacastro@ucdavis.edu","(-120.902824, 37.502958","1","0","1","0","Adapter","0","2","0","ChargePoint Network"
"299229","1","BLUE DIAMOND TURLOCK 4","1300 N Washington Rd","Turlock","CA","95380","kcacastro@ucdavis.edu","(-120.902883, 37.50296","1","0","1","0","Adapter","0","2","0","ChargePoint Network"
"299230","1","BLUE DIAMOND TURLOCK 2","1300 N Washington Rd","Turlock","CA","95380","kcacastro@ucdavis.edu","(-120.902914, 37.502997","1","0","1","0","Adapter","0","2","0","ChargePoint Network"
"301736","1","University Park - Stockton PACE","582 E Harding Way","Stockton","CA","95202","irereyes@ucdavis.edu","(-121.286739, 37.967255","1","0","1","0","Tesla","0","10","0","EVCS"
"302566","1","SHOREBIRDS STATION 1-SOUTH","101 Shell Drive Building 'D' - Lower Parking","Watsonville","CA","95076","eeboyd@ucdavis.edu","(-121.821386, 36.871679","1","0","1","0","null","0","2","0","ChargePoint Network"
"302669","1","Adventist Health Clear Lake","15631 18th Ave","Clearlake","CA","95422","laulin@ucdavis.edu","(-122.6200888, 38.93490018","1","0","1","0","CCS","0","3","0","Non-Networked"
"302961","1","Potrero Center - Tesla Supercharger","2300 16th Street","San Francisco","CA","94103","eeboyd@ucdavis.edu","(-122.409857, 37.765808","1","1","1","0","null","0","0","12","Tesla"
"303498","1","TOYOTA_SALES CT4K 1","1817 Auto Center Dr","Antioch","CA","94509","jjbang@ucdavis.edu","(-121.831759, 38.008335","1","0","1","0","Adapter","0","1","0","ChargePoint Network"
"303615","1","STA - Fairfield - Allan Witt Community Park","1741 W Texas Street","Fairfield","CA","94533","eeboyd@ucdavis.edu","(-122.0620782, 38.2484892","1","0","0","0","CCS","0","0","8","EVCS"
"306576","1","HANOVER COMPANY HANDICAP B1","3050 Del Hombre Lane","Walnut Creek","CA","94597","irereyes@ucdavis.edu","(-123.438431, 39.550026","1","0","1","0","Adapter","0","1","0","ChargePoint Network"
"306847","1","Modesto, CA - Joyce Avenue - Tesla Supercharger","1212 Joyce Ave","Modesto","CA","95351","mpfavetti@ucdavis.edu","(-120.976539, 37.610088","1","1","1","0","NACS","0","0","8","Tesla"
"306900","1","CITY OF DUBLIN WAVE 1","4201 Central Pkwy","Dublin","CA","94568","eeboyd@ucdavis.edu","(-121.876118, 37.710461","1","0","1","0","null","0","2","0","ChargePoint Network"
"307822","1","Olema Farmhouse - Tesla Supercharger","10005 Coastal Highway 1","Olema","CA","94950","irereyes@ucdavis.edu","(-122.788374, 38.040229","1","1","1","0","Tesla","0","0","6","Tesla"
"307830","1","The Workz Mojave - Tesla Supercharger","16862 CA-14","Mojave","CA","93501","irereyes@ucdavis.edu","(-118.176193, 35.067164","1","1","1","0","Tesla","0","0","12","Tesla"
"308355","1","MARTINEZ CA CITY HALL 01","525 Henrietta St","Martinez","CA","94553","eeboyd@ucdavis.edu","(-122.134928, 38.013799","1","0","1","0","null","0","2","0","ChargePoint Network"
"308589","1","CENTER OF HOPE COH UNIT C","1201 Industrial St","Redding","CA","96002","dchau@ucdavis.edu","(-122.350202, 40.574037","1","0","1","0","Tesla","0","2","0","ChargePoint Network"
"308657","1","CENTER OF HOPE COH UNIT D","1201 Industrial St","Redding","CA","96002","dchau@ucdavis.edu","(-122.350444, 40.574073","1","0","1","0","Tesla","0","2","0","ChargePoint Network"
"308658","1","CENTER OF HOPE COH UNIT A","1201 Industrial St","Redding","CA","96002","dchau@ucdavis.edu","(-122.349756, 40.574026","1","0","1","0","Tesla","0","2","0","ChargePoint Network"
"308659","1","CENTER OF HOPE COH UNIT B","1201 Industrial St","Redding","CA","96002","dchau@ucdavis.edu","(-122.349905, 40.573711","1","0","1","0","Tesla","0","2","0","ChargePoint Network"
"308892","1","Costco San Francisco #144","450 10th Street","SF","CA","94118","kcacastro@ucdavis.edu","(-122.410891, 37.77055","1","0","1","0","Adapter","0","2","0","Blink Network"
"308997","1","2400 E Katella Ave - Parking Structure","2400 E Katella Ave. Suite 600","Anaheim","CA","92806","nibarron@ucdavis.edu","(-117.8823462, 33.8045502","1","0","1","0","Adapter","0","6","0","Blink Network"
"309131","1","531506  El Camino 4410 LLC","4410 El Camino Real","Los Altos","CA","94022","eeboyd@ucdavis.edu","(-122.1172167, 37.4029395","1","0","1","0","null","0","6","0","Blink Network"
"309141","1","431501  eaves San Jose II","2500 Trade Zone Boulevard","San Jose","CA","95131","dchau@ucdavis.edu","(-121.883471, 37.402369","1","0","1","0","CCS","0","2","0","Blink Network"
"309261","1","431402  Avalon Sunset Towers","8 Locksley Ave","SF","CA","94122","jjbang@ucdavis.edu","(-122.4631573, 37.7584994","1","0","1","0","CCS","0","3","0","Blink Network"
"309400","1","431404 AVA 55 Ninth","55 9th Ave","SF","CA","94118","dchau@ucdavis.edu","(-122.4680816, 37.7866351","1","0","1","0","CCS","0","4","0","Blink Network"
"309404","1","430603 eaves Huntington Beach","6700 Warner Avenue","Huntington Beach","CA","92647","nibarron@ucdavis.edu","(-118.0120153, 33.7143641","1","0","1","0","Adapter","0","4","0","Blink Network"
"309468","1","Greenwich Street Properties","1275 Greenwich Street","San Francisco","CA","94109","jjbang@ucdavis.edu","(-122.4205045, 37.8007726","1","0","1","0","CCS","0","4","0","Blink Network"
"309536","1","City of Winters","318 First St","Winters","CA","95694","jjbang@ucdavis.edu","(-121.970478, 38.521447","1","0","0","0","CCS","0","2","1","Blink Network"
"309752","1","City of Santa Cruz - Felton Library","6121 Gushee Street","Felton","CA","95018","eeboyd@ucdavis.edu","(-122.074741, 37.049935","1","0","1","0","null","0","2","0","Blink Network"
"310152","1","BBP 160 WSC LLC","160 West Santa Clara Street","San Jose","CA","95113","eeboyd@ucdavis.edu","(-121.8930162, 37.3346871","1","0","1","0","null","0","6","0","Blink Network"
"310315","1","Sonesta San Jose","777 Bellew Drive","Milpitas","CA","95035","dchau@ucdavis.edu","(-121.919266, 37.422497","1","0","1","0","CCS","0","2","0","Blink Network"
"310332","1","431402 Avalon Sunset Towers (Shared)","8 Locksley Ave","SF","CA","94122","dchau@ucdavis.edu","(-122.463074, 37.758251","1","0","1","0","Adapter","0","1","0","Blink Network"
"311228","1","Living Spaces - Tesla Supercharger","1851 Freedom Wy","Roseville","CA","95678","nibarron@ucdavis.edu","(-121.298209, 38.792476","1","1","1","0","Tesla","0","0","24","Tesla"
"311231","1","Bel Air Plaza - Tesla Supercharger","4000 Bel Aire Plaza","Napa","CA","94558","dchau@ucdavis.edu","(-122.307478, 38.321792","1","1","1","0","Tesla","0","0","12","Tesla"
"311233","1","Vacaville Commons Shopping Center - Tesla Supercharger","2098  Harbison Dr","Vacaville","CA","95687","dchau@ucdavis.edu","(-121.963247, 38.362255","1","1","1","0","Tesla","0","0","12","Tesla"
"311376","1","Sunnyvale Shopping Center","721 Sunnyvale Saratoga Rd","Sunnyvale","CA","94087","eeboyd@ucdavis.edu","(-122.0334012, 37.3672117","1","0","0","0","null","0","0","10","eVgo Network"
"312147","1","10950 International","10950 International Blvd","Oakland","CA","94603","kcacastro@ucdavis.edu","(-122.16354, 37.73715","1","0","0","0","CCS","0","0","8","eVgo Network"
"312526","1","2860 16th St","2860 16th St","San Francisco","CA","94103","jjbang@ucdavis.edu","(-122.41673, 37.76549","1","0","0","0","CCS","0","0","8","eVgo Network"
"312719","1","CTC TRAINING TRAINING CENTER","110 E Transportation Ct","French Camp","CA","95231","irereyes@ucdavis.edu","(-121.278618, 37.86366","1","0","1","0","Adapter","0","1","0","ChargePoint Network"
"314458","1","Burger King - Tesla Supercharger","497 Sandalwood Dr","Calimesa","CA","92320","irereyes@ucdavis.edu","(-117.056032, 33.993121","1","1","1","0","Tesla","0","0","12","Tesla"
"315673","1","CCSF-SFMTA LOMBARD 1","2055 Lombard St","San Francisco","CA","94123","schakravarty@ucdavis.edu","(-122.435, 37.799704","1","0","1","0","CCS","0","2","0","ChargePoint Network"
"315674","1","CCSF-SFMTA NORTH BEACH 2","741 Vallejo St.","San Francisco","CA","94133","kcacastro@ucdavis.edu","(-122.409634, 37.798256","1","0","1","0","Adapter","0","2","0","ChargePoint Network"
"315769","1","MHC DC FAST 1","1124 International Pkwy","Tracy","CA","95377","eeboyd@ucdavis.edu","(-121.530742, 37.739328","1","0","0","0","null","0","0","1","ChargePoint Network"
"315812","1","1199 E Beach Street (US-TL7-QXE-4)","1199 E Beach Street","San Francisco","CA","94129","eeboyd@ucdavis.edu","(-122.4494378, 37.80610329","1","0","1","0","null","0","1","0","RIVIAN_WAYPOINTS"
"315813","1","680 Point Lobos Ave (US-6ZD-X6E-1)","680 Point Lobos Ave","San Francisco","CA","94121","eeboyd@ucdavis.edu","(-122.5117904, 37.7801861","1","0","1","0","null","0","1","0","RIVIAN_WAYPOINTS"
"316641","1","Safeway San Francisco #0785 - 850 La Playa","850 La Playa St","San Francisco","CA","94121","dchau@ucdavis.edu","(-122.50907, 37.77158","1","0","0","0","Adapter","0","0","4","eVgo Network"
"316645","1","Kaiser Milpitas","770 East Calaveras Boulevard","Milpitas","CA","95035","dchau@ucdavis.edu","(-121.8915696, 37.4327334","1","0","1","0","CCS","0","5","0","Blink Network"
"317007","1","EV PARKING CLK STATION 1","2908 El Camino Real","Santa Clara","CA","95051","dchau@ucdavis.edu","(-121.97906, 37.351643","1","0","1","0","CCS","0","2","0","ChargePoint Network"
"318171","1","Moulton Plaza - Tesla Supercharger","23701 Moulton Pkwy","Laguna Hills","CA","92653","irereyes@ucdavis.edu","(-117.7337, 33.618223","1","1","1","0","Tesla","0","0","16","Tesla"
"319777","1","A&W ROOT BEER A&W ROOT BEER","3741 Redwood Highway","San Rafael","CA","94903","irereyes@ucdavis.edu","(-122.534813, 37.996869","1","0","1","0","Adapter","0","2","0","ChargePoint Network"
"319933","1","100 Corte Madera Town Center (US-FCY-BG3-2)","100 Corte Madera Town Center","Corta Madera","CA","94925","dchau@ucdavis.edu","(-122.518158, 37.9257592","1","0","1","0","Adapter","0","1","0","RIVIAN_WAYPOINTS"
"319934","1","100 Corte Madera Town Center (US-FCY-BG3-3)","100 Corte Madera Town Center","Corta Madera","CA","94925","dchau@ucdavis.edu","(-122.5181543, 37.9258084","1","0","1","0","Adapter","0","1","0","RIVIAN_WAYPOINTS"
"319951","1","7Charge - Suisun City","301 Walters Rd","Suisun City","CA","94585","eeboyd@ucdavis.edu","(-121.98911, 38.24024","1","0","0","0","null","0","0","2","7CHARGE"
"320234","1","SANTA CLARA PARK SERVCNTR 1","2600 Benton St","Santa Clara","CA","95051","jjbang@ucdavis.edu","(-121.973418, 37.34521","1","0","1","0","Adapter","0","2","0","ChargePoint Network"
"320258","1","CITYOFSANTAROSA MSC-SOUTH 2","69 Stony Cir","Santa Rosa","CA","95401","dchau@ucdavis.edu","(-122.747095, 38.440961","1","0","1","0","Adapter","0","2","0","ChargePoint Network"
"320332","1","303 SECOND ST. KILROY DCFC 3","303 2nd St","San Francisco","CA","94107","dchau@ucdavis.edu","(-122.396019, 37.785522","1","0","0","0","CCS","0","0","1","ChargePoint Network"
"321148","1","Browns Valley Marketplace - Tesla Supercharger","154 Browns Valley Pkwy","Vacaville","CA","95688","dchau@ucdavis.edu","(-121.967965, 38.365253","1","1","1","0","Tesla","0","0","12","Tesla"
"321149","1","South Lake Tahoe, CA - Tesla Supercharger","2977  US-50","South Lake Tahoe","CA","96150","laulin@ucdavis.edu","(-120.013797, 38.854812","1","1","1","0","Adapter","0","0","8","Tesla"
"322149","1","Butte County Department of Development Services","7 County Center Dr","Oroville","CA","95965","irereyes@ucdavis.edu","(-121.57136, 39.52503","1","0","1","0","Adapter","0","1","0","Non-Networked"
"322298","1","Whole Foods Huntington Beach","10081 Adams Avenue","Huntington Beach","CA","92646","nibarron@ucdavis.edu","(-117.952832, 33.673226","1","0","1","0","Adapter","0","1","0","Blink Network"
"322528","1","MCDONLALD'S MCD ESCALON","1960 McHenry Ave","Escalon","CA","95320","eeboyd@ucdavis.edu","(-120.996484, 37.790215","1","0","1","0","null","0","2","0","ChargePoint Network"
"323265","1","Dixon Plaza - Tesla Supercharger","1285 Stratford Ave","Dixon","CA","95620","irereyes@ucdavis.edu","(-121.839914, 38.457887","1","1","1","0","Tesla","0","0","12","Tesla"
"323703","1","7Charge - Napa","490 Devlin Rd","Napa","CA","94558","jjbang@ucdavis.edu","(-122.26194, 38.22255","1","0","0","0","Adapter","0","0","2","7CHARGE"
"324018","1","Menifee, CA - Scott Road - Tesla Supercharger","27701 Scott Rd","Menifee","CA","92584","irereyes@ucdavis.edu","(-117.175257, 33.640364","1","1","1","0","Tesla","0","0","16","Tesla"
"325016","1","Sacramento Airport","5750 Crossfield","Sacramento","CA","95837","dchau@ucdavis.edu","(-121.594751, 38.678854","1","0","0","0","Adapter","0","2","1","SHELL_RECHARGE"
"325047","1","SMCOE ACC EV7","69 Tower Road","San Mateo","CA","94402","eeboyd@ucdavis.edu","(-122.333808, 37.514421","1","0","1","0","null","0","2","0","ChargePoint Network"
"326157","1","MG Market - Tesla Supercharger","710 Jack Tone Road","Ripon","CA","95366","nibarron@ucdavis.edu","(-121.141841, 37.747023","1","1","1","0","Tesla","0","0","12","Tesla"
"326184","1","Mission Ridge Shopping Center","1169 S Main Street","Manteca","CA","95337","eeboyd@ucdavis.edu","(-121.2179, 37.78743","1","0","0","0","null","0","0","6","eVgo Network"
"326211","1","H&S ENERGY PM CHEVRON1","333 Curtola Pkwy","Vallejo","CA","94590","jjbang@ucdavis.edu","(-122.253749, 38.096813","1","0","0","0","CCS","0","0","1","ChargePoint Network"
"326660","1","Chevron - Tesla Supercharger","7720  US-50","Pollock Pines","CA","95726","irereyes@ucdavis.edu","(-120.529795, 38.7597","1","1","1","0","Tesla","0","0","12","Tesla"
"328162","1","TID TID - PEDRETTI","2400 N Tegner Rd","Turlock","CA","95380","eeboyd@ucdavis.edu","(-120.885368, 37.518371","1","0","1","0","null","0","2","0","ChargePoint Network"
"329489","1","Parking Lot 149 - Sunnyvale","111 S Murphy Ave","Sunnyvale","CA","94086","dchau@ucdavis.edu","(-122.03113, 37.37673","1","0","0","0","Adapter","0","0","4","eVgo Network"
"329759","1","4200 Dumont","4242 S El Camino Real","San Mateo","CA","94403","eeboyd@ucdavis.edu","(-122.28941, 37.52964","1","0","0","0","null","0","0","6","eVgo Network"
"330678","1","Stadium Shopping Center","2129 Daniels St","Manteca","CA","95337","eeboyd@ucdavis.edu","(-121.25269, 37.78507","1","0","0","0","null","0","0","8","eVgo Network"
"331442","1","Redding School of the Arts","955 Inspiration Way","Redding","CA","96003","dchau@ucdavis.edu","(-122.323081, 40.595497","1","0","1","0","Tesla","0","1","0","Blink Network"
"331820","1","AM/PM - Tesla Supercharger","5025 Rhonda Rd","Anderson","CA","96007","dchau@ucdavis.edu","(-122.288766, 40.433622","1","1","1","0","Tesla","0","0","8","Tesla"
"332082","1","The Crossroads Carmel","243 Crossroads Boulevard","Carmel-by-the-Sea","CA","93923","eeboyd@ucdavis.edu","(-121.9088317, 36.53670525","1","0","1","0","null","0","2","0","Blink Network"
"332093","1","Arnold, CA - Tesla Supercharger","2182 CA-4","Arnold","CA","95223","eeboyd@ucdavis.edu","(-120.364871, 38.239152","1","1","1","0","null","0","0","8","Tesla"
"332308","1","Prime Solum - Sema","1021 Atlas Peak Road","Napa","CA","94558","laulin@ucdavis.edu","(-122.262718, 38.33867589","1","0","1","0","CCS","0","2","0","Blink Network"
"332327","1","THURSTON TOYOTA CT4K STATION 1","2800 N State St","Ukiah","CA","95482","eeboyd@ucdavis.edu","(-123.210383, 39.189433","1","0","1","0","Adapter","0","2","0","ChargePoint Network"
"332816","1","BW plus hilltop inn","2300 Hilltop Drive","Redding","CA","96002","dchau@ucdavis.edu","(-122.35947, 40.574152","1","0","1","0","Tesla","0","4","0","NOODOE"
"332918","1","Four Points by Sheraton","1221 S Harbor Blvd","Anaheim","CA","92805","nibarron@ucdavis.edu","(-117.9161583, 33.8174408","1","0","1","0","Adapter","0","4","0","NOODOE"
"332919","1","Las Casas Apartment","150 N. Coffman Street","Anaheim","CA","92805","nibarron@ucdavis.edu","(-117.8914556, 33.8416789","1","0","1","0","Adapter","0","4","0","NOODOE"
"333168","1","Town of Paradise - 230 Pearson","230 Pearson Rd","Paradise","CA","95969","eeboyd@ucdavis.edu","(-121.6232143, 39.7520669","1","0","0","0","Adapter","0","2","8","EVCS"
"333215","1","SJCHA 448 S. Center St","448 S Center St","Stockton","CA","95203","irereyes@ucdavis.edu","(-121.2890769, 37.9480217","1","0","1","0","Tesla","0","10","0","EVCS"
"333270","1","SJCHA - Victory Gardens","295 W Mathews Road","French Camp","CA","95231","irereyes@ucdavis.edu","(-121.283506, 37.8832077","1","0","1","0","Tesla","0","4","0","EVCS"
"333472","1","Country Club Gate Center - Tesla Supercharger","200 Country Club Gate Center","Pacific Grove","CA","93950","eeboyd@ucdavis.edu","(-121.925067, 36.608025","1","1","1","0","null","0","0","12","Tesla"
"333635","1","WALNUT CREEK BROADWAY 13","1390N Broadway","Walnut Creek","CA","94596","laulin@ucdavis.edu","(-122.058794, 37.899189","1","0","1","0","CCS","0","1","0","ChargePoint Network"
"333653","1","Almaden Plaza","4950 Almaden Expy","San Jose","CA","95118","eeboyd@ucdavis.edu","(-121.8759982, 37.2604714","1","0","0","0","null","0","0","6","eVgo Network"
"333717","1","Evergreen Islamic Center","Ruby Ave","San Jose","CA","95148","dchau@ucdavis.edu","(-121.78537, 37.34007","1","0","1","0","Adapter","0","4","0","EVGATEWAY"
"333733","1","Rolling Hills Casino","2655 Everett Freeman Way","Corning","CA","96021","dchau@ucdavis.edu","(-122.20262, 39.87444","1","0","1","0","Tesla","0","30","0","EVGATEWAY"
"333914","1","Red Bluff Union High School District","1260 Union St","Red Bluff","CA","96080","dchau@ucdavis.edu","(-122.25022, 40.17643","1","0","1","0","Tesla","0","1","0","EVGATEWAY"
"333916","1","VRV","12736 Beach Blvd","Stanton","CA","90680","nibarron@ucdavis.edu","(-117.99226, 33.77778","1","0","1","0","Adapter","0","48","0","EVGATEWAY"
"334272","1","PHC STATION 3","2525 Airpark Drive","Redding","CA","96001","dchau@ucdavis.edu","(-122.403334, 40.571559","1","0","1","0","Tesla","0","2","0","ChargePoint Network"
"334273","1","PHC STATION 1","2525 Airpark Drive","Redding","CA","96001","dchau@ucdavis.edu","(-122.404061, 40.572037","1","0","1","0","Tesla","0","2","0","ChargePoint Network"
"334274","1","PHC STATION 2","2525 Airpark Drive","Redding","CA","96001","dchau@ucdavis.edu","(-122.403302, 40.571641","1","0","1","0","Tesla","0","2","0","ChargePoint Network"
"334278","1","PPH EV ST1 PPH EV S2","4000 Cabrillo Hwy","El Granada","CA","94018","eeboyd@ucdavis.edu","(-122.472194, 37.501444","1","0","1","0","null","0","1","0","ChargePoint Network"
"334279","1","PPH EV ST1 PPH EV S1","4000 Cabrillo Hwy","El Granada","CA","94018","eeboyd@ucdavis.edu","(-122.472346, 37.501481","1","0","1","0","null","0","2","0","ChargePoint Network"
"334573","1","AMMAAR'S TOYOTA CT4000","500 Orange Dr","Vacaville","CA","95687","kcacastro@ucdavis.edu","(-121.950382, 38.373513","1","0","1","0","CCS","0","2","0","ChargePoint Network"
"346118","1","COUNTRY INN VAL COUNTRY INN #2","1000 Admiral Callaghan Ln","Vallejo","CA","94591","irereyes@ucdavis.edu","(-122.220309, 38.134382","1","0","1","0","Adapter","0","2","0","ChargePoint Network"
"346195","1","Danville - Library Parking Lot","400 Front Street","Danville","CA","94526","dchau@ucdavis.edu","(-121.9955286, 37.8201189","1","0","0","0","Adapter","0","0","1","EVCS"
"346391","1","Park & Shop","1679 Willow Pass Rd","Concord","CA","94520","eeboyd@ucdavis.edu","(-122.04196, 37.97317","1","0","0","0","null","0","0","10","eVgo Network"
"346491","1","SOUTHGATE NICHOLAS (2)","6500 47th St","Sacramento","CA","95823","dchau@ucdavis.edu","(-121.451505, 38.507568","1","0","1","0","Adapter","0","2","0","ChargePoint Network"
"346555","1","DX DX-1305 STARTFO","1305 Stratford Ave","Dixon","CA","95620","laulin@ucdavis.edu","(-121.84013, 38.457353","1","0","1","0","CCS","0","2","0","ChargePoint Network"
"346662","1","Vallejo South Community Center","545 Magazine Street","Vallejo","CA","94590","laulin@ucdavis.edu","(-122.2386346, 38.081745","1","0","1","0","Tesla","0","8","0","EVCS"
"347087","1","Weed, CA - Tesla Supercharger","44 S Weed Blvd","Weed","CA","96094","dchau@ucdavis.edu","(-122.384685, 41.421752","1","1","1","0","Tesla","0","0","16","Tesla"
"347190","1","10921 CA-140 (US-Q7D-LSU-2)","10921 CA-140","El Portal","CA","95318","eeboyd@ucdavis.edu","(-119.781961, 37.674829","1","0","1","0","null","0","1","0","RIVIAN_WAYPOINTS"
"347535","1","MACT MARIPOSA MACT MARIPOSA","5204 Hospital Rd","Mariposa","CA","95338","eeboyd@ucdavis.edu","(-119.976855, 37.501391","1","0","1","0","null","0","2","0","ChargePoint Network"
"347650","1","Savemart - Tesla Supercharger","130 W Stockton St","Sonora","CA","95370","nibarron@ucdavis.edu","(-120.385836, 37.98274","1","1","1","0","Tesla","0","0","8","Tesla"
"347740","1","SOCO CHARGING CONFERENCE ROOM","727 Central Ave","Napa","CA","94558","schakravarty@ucdavis.edu","(-122.286571, 38.313094","1","0","1","0","CCS","0","2","0","ChargePoint Network"
"347741","1","SOCO CHARGING FRONT OFFICE","727 Central Ave","Napa","CA","94558","laulin@ucdavis.edu","(-122.286491, 38.313295","1","0","1","0","CCS","0","2","0","ChargePoint Network"
"347802","1","3570 GATEWAY STARBUCKS","3570 Gateway Park Blvd","Sacramento","CA","95834","dchau@ucdavis.edu","(-121.502641, 38.638334","1","0","1","0","Adapter","0","2","0","ChargePoint Network"
"347959","1","Capitol McKee Center","385 N Capitol Ave","San Jose","CA","95133","dchau@ucdavis.edu","(-121.8454, 37.37198","1","0","0","0","Adapter","0","0","6","eVgo Network"
"348050","1","VACAVILLE TS - SENIOR CTR","1 Town Square Pl","Vacaville","CA","95688","irereyes@ucdavis.edu","(-121.987251, 38.357428","1","0","1","0","CCS","0","2","0","ChargePoint Network"
"348061","1","VACAVILLE CH - FRONT LOT","650 Merchant St","Vacaville","CA","95688","eeboyd@ucdavis.edu","(-121.994879, 38.350739","1","0","1","0","null","0","2","0","ChargePoint Network"
"348156","1","Chase Bank - 1200 El Camino Real","1200 El Camino Real","San Bruno","CA","94066","irereyes@ucdavis.edu","(-122.42074, 37.63773","1","0","0","0","Adapter","0","0","4","eVgo Network"
"348763","1","US Bank Fullerton","911 N Harbor Blvd","Fallbrook","CA","92832","nibarron@ucdavis.edu","(-117.92439, 33.87879","1","0","0","0","Adapter","0","0","2","LOOP"
"348804","1","Restaurant Depot","1265 N Kraemer Blvd","Anaheim","CA","92806","nibarron@ucdavis.edu","(-117.85989, 33.8565","1","0","1","0","Adapter","0","1","0","LOOP"
"349934","1","SAN JOSE ARC 337","1661 Senter Rd","San Jose","CA","95112","jjbang@ucdavis.edu","(-121.860531, 37.318113","1","0","1","0","Adapter","0","2","0","ChargePoint Network"
"349936","1","SAN JOSE ARC 332","500 Phelan Ave","San Jose","CA","95112","dchau@ucdavis.edu","(-121.861334, 37.316743","1","0","1","0","Adapter","0","2","0","ChargePoint Network"
"350087","1","Fairfield, CA - Waterman Boulevard - Tesla Supercharger","2401 Waterman Blvd","Fairfield","CA","94534","irereyes@ucdavis.edu","(-122.052808, 38.272952","1","1","1","0","Tesla","0","0","12","Tesla"
"350220","1","PARK AND RIDE P&R AQUATICS","100 Benton Way","American Canyon","CA","94503","dchau@ucdavis.edu","(-122.265313, 38.170557","1","0","1","0","Tesla","0","2","0","ChargePoint Network"
"350429","1","COF-PUBLIC USE TRAIN STATION 1","4921 Vanden Rd","Fairfield","CA","94533","irereyes@ucdavis.edu","(-121.969026, 38.286698","1","0","1","0","CCS","0","2","0","ChargePoint Network"
"350587","1","SDMC  AUX STN SDMC #4","3901 Lone Tree Wy","Antioch","CA","94509","eeboyd@ucdavis.edu","(-121.802064, 37.982793","1","0","1","0","null","0","2","0","ChargePoint Network"
"350589","1","SDMC  AUX STN SDMC #2","3901 Lone Tree Wy","Antioch","CA","94509","kcacastro@ucdavis.edu","(-121.802349, 37.982609","1","0","1","0","Adapter","0","2","0","ChargePoint Network"
"350608","1","SCS 5 SCS B5 S256-258","3255 Scott Blvd","Santa Clara","CA","95054","jjbang@ucdavis.edu","(-121.972139, 37.380524","1","0","1","0","Adapter","0","2","0","ChargePoint Network"
"350610","1","SCS 5 SCS B5 S316-318","2500 Augustine Dr","Santa Clara","CA","95054","jjbang@ucdavis.edu","(-121.972186, 37.380872","1","0","1","0","Adapter","0","2","0","ChargePoint Network"
"351607","1","950 El Camino Real","950 El Camino Real","San Bruno","CA","94066","eeboyd@ucdavis.edu","(-122.41788, 37.63152","1","0","1","0","null","0","10","0","Non-Networked"
"351625","1","76 San Gabriel","101 E Las Tunas Dr","San Gabriel","CA","91776","kcacastro@ucdavis.edu","(-118.0995, 34.1033","1","0","0","0","Adapter","0","0","3","Non-Networked"
"352120","1","Chevrolet of Puente Hills","17300 Gale Ave","City of Industry","CA","91748","kcacastro@ucdavis.edu","(-117.928699, 33.997758","1","0","0","0","Adapter","0","0","2","CHARGESMART_EV"
"352153","1","OAKLEY CIVIC C1 DOWNTOWN 3","3100 Main St","Oakley","CA","94561","schakravarty@ucdavis.edu","(-121.71653, 37.998672","1","0","1","0","CCS","0","2","0","ChargePoint Network"
"352154","1","OAKLEY CIVIC C1 DOWNTOWN 2","3350 Main Street","Oakley","CA","94561","irereyes@ucdavis.edu","(-121.716591, 37.998645","1","0","1","0","Adapter","0","2","0","ChargePoint Network"
"352156","1","OAKLEY CIVIC C1 DOWNTOWN 4","3100 Main St","Oakley","CA","94561","kcacastro@ucdavis.edu","(-121.716322, 37.998588","1","0","1","0","Adapter","0","1","0","ChargePoint Network"
"352207","1","OAKLEY CIVIC C1 DOWNTOWN 5","3350 Main Street","Oakley","CA","94561","kcacastro@ucdavis.edu","(-121.716305, 37.998544","1","0","1","0","CCS","0","1","0","ChargePoint Network"
"352256","1","MT DIABLO MT DIABLO","1850 Mt Diablo Blvd","Walnut Creek","CA","94596","eeboyd@ucdavis.edu","(-122.065344, 37.897847","1","0","1","0","null","0","2","0","ChargePoint Network"
"352308","1","8312 Wawona Rd (US-HL5-PWX-10)","8312 Wawona Rd","Yosemite Valley","CA","95389","eeboyd@ucdavis.edu","(-119.6570637, 37.5379729","1","0","1","0","null","0","1","0","RIVIAN_WAYPOINTS"
"352322","1","8312 Wawona Rd (US-HL5-PWX-4)","8312 Wawona Rd","Yosemite Valley","CA","95389","eeboyd@ucdavis.edu","(-119.6571733, 37.5379628","1","0","1","0","null","0","1","0","RIVIAN_WAYPOINTS"
"352323","1","8312 Wawona Rd (US-HL5-PWX-19)","8312 Wawona Rd","Yosemite Valley","CA","95389","eeboyd@ucdavis.edu","(-119.6567211, 37.5377911","1","0","1","0","null","0","1","0","RIVIAN_WAYPOINTS"
"352609","1","Siskiyou Charging Station","25 N Weed Blvd","Weed","CA","96094","eeboyd@ucdavis.edu","(-122.38589, 41.42225","1","0","0","0","Adapter","0","0","8","POWER_NODE"
"352635","1","New Leaf Santa Cruz (Fair Ave)","1101 Fair Ave","Santa Cruz","CA","95060","eeboyd@ucdavis.edu","(-122.046189, 36.959555","1","0","0","0","null","0","0","4","eVgo Network"
"352666","1","NVTA IMOLA P&R 1","954 Golden Gate Dr","Napa","CA","94558","nibarron@ucdavis.edu","(-122.301306, 38.28113","1","0","1","0","CCS","0","2","0","ChargePoint Network"
"352667","1","NVTA IMOLA P&R 4","954 Golden Gate Dr","Napa","CA","94558","eeboyd@ucdavis.edu","(-122.301233, 38.281269","1","0","1","0","null","0","2","0","ChargePoint Network"
"352671","1","NVTA IMOLA P&R 5","954 Golden Gate Dr","Napa","CA","94558","kcacastro@ucdavis.edu","(-122.301274, 38.281173","1","0","1","0","Adapter","0","1","0","ChargePoint Network"
"352723","1","PARK N RIDE LOT ARC EV CH#1","701 Civic Center Blvd","Suisun City","CA","94585","schakravarty@ucdavis.edu","(-122.036811, 38.237997","1","0","1","0","CCS","0","2","0","ChargePoint Network"
"352958","1","Broadcom Office Building","2860 Junction Ave","San Jose","CA","95134","eeboyd@ucdavis.edu","(-121.9275043, 37.39924803","1","0","1","0","null","0","12","0","POWERFLEX"
"352960","1","Saratoga Office Center - East","12930 Saratoga Ave","Saratoga","CA","95070","dchau@ucdavis.edu","(-122.0014502, 37.27968992","1","0","1","0","Adapter","0","20","0","POWERFLEX"
"353445","1","BMW GROUP TECH VISITOR 2","2606 Bayshore Pkwy","Mountain View","CA","94043","dchau@ucdavis.edu","(-122.097829, 37.425723","1","0","1","0","Adapter","0","2","0","ChargePoint Network"
"353470","1","GVW STATION GVW","5140 Business Center Drive","Fairfield","CA","94534","dchau@ucdavis.edu","(-122.145639, 38.216465","1","0","1","0","Tesla","0","2","0","ChargePoint Network"
"353472","1","GVW STATION GVW2","5140 Business Center Drive","Fairfield","CA","94534","kcacastro@ucdavis.edu","(-122.145991, 38.21655","1","0","1","0","CCS","0","2","0","ChargePoint Network"
"353530","1","GVEC STATION GVEC","5030 Business Center Dr","Fairfield","CA","94534","dchau@ucdavis.edu","(-122.143509, 38.217959","1","0","1","0","Tesla","0","1","0","ChargePoint Network"
"353896","1","SM 2 SM 1","131 E 28th Ave","San Mateo","CA","94403","dchau@ucdavis.edu","(-122.29998, 37.544061","1","0","1","0","CCS","0","2","0","ChargePoint Network"
"354716","1","OAKLEY CIVIC C1 CHARGER 7 EAST","3374 Main St","Oakley","CA","94561","irereyes@ucdavis.edu","(-121.715726, 37.998538","1","0","1","0","Adapter","0","2","0","ChargePoint Network"
"354719","1","OAKLEY CIVIC C1 CHARGER 10 EAST","3374 Main St","Oakley","CA","94561","eeboyd@ucdavis.edu","(-121.715657, 37.998458","1","0","1","0","null","0","1","0","ChargePoint Network"
"355236","1","LAXAH - Marriott Anaheim","700 West Convention Way","Anaheim","CA","92802","nibarron@ucdavis.edu","(-117.920104, 33.798664","1","0","1","0","Adapter","0","9","0","EV Connect"
"355837","1","TOYOTATOWN DEALER PARKING","2150 East Hammer Lane","Stockton","CA","95210","irereyes@ucdavis.edu","(-121.287667, 38.020426","1","0","1","0","Adapter","0","1","0","ChargePoint Network"
"355898","1","MLIC-201CR - 01 MLIC-201CR 01","201 Creekside Ridge Ct","Roseville","CA","95678","irereyes@ucdavis.edu","(-121.259325, 38.77196","1","0","1","0","Adapter","0","2","0","ChargePoint Network"
"356234","1","Ridge Reef Properties - Parking Lot","3115 Mission Street","San Francisco","CA","94110","irereyes@ucdavis.edu","(-122.418267, 37.7475747","1","0","1","0","Adapter","0","1","0","Blink Network"
"356394","1","Ocean Honda of Whittier","13839 Whittier Boulevard","Whittier","CA","90605","kcacastro@ucdavis.edu","(-118.0257487, 33.9598633","1","0","0","0","Adapter","0","0","1","Blink Network"
"357148","1","GARAGE 1","601 Montgomery Street","San Francisco","CA","94111","kcacastro@ucdavis.edu","(-122.40364, 37.794932","1","0","1","0","Adapter","0","2","0","ChargePoint Network"
"357770","1","HOTEL LOT1 COYOTE VALLEY 1","101 BIA Rd 228","Redwood Valley","CA","95470","irereyes@ucdavis.edu","(-123.211673, 39.254995","1","0","1","0","CCS","0","2","0","ChargePoint Network"
"358286","1","Safeway - Tesla Supercharger","122 Robles Way","Vallejo","CA","94591","laulin@ucdavis.edu","(-122.211269, 38.084499","1","1","1","0","Tesla","0","0","8","Tesla"
"358639","1","Colusa Casino Resort - Tesla Destination","3730 CA-45","Colusa","CA","95932","dchau@ucdavis.edu","(-122.031327, 39.252235","1","1","1","0","Tesla","0","10","0","Tesla Destination"
"358787","1","Mt St Helena Vineyards - Tesla Destination","20963 Hwy 175","Middletown","CA","95461","laulin@ucdavis.edu","(-122.62832, 38.75293","1","1","1","0","Tesla","0","2","0","Tesla Destination"
"359387","1","Anaheim, CA - Harbor Boulevard - Tesla Destination","11931 Harbor Blvd","Garden Grove","CA","92840","nibarron@ucdavis.edu","(-117.915307, 33.79008","1","0","1","0","Adapter","0","8","0","Non-Networked"
"359501","1","Hilton Garden Inn Temecula - Tesla Destination","28210 Jefferson Ave","Temecula","CA","92590","irereyes@ucdavis.edu","(-117.154357, 33.502094","1","1","1","0","Tesla","0","6","0","Tesla Destination"
"359595","1","Multi-Fresh Produce Inc - Tesla Destination","16826 Edwards Rd","Cerritos","CA","90703","irereyes@ucdavis.edu","(-118.033845, 33.878023","1","1","1","0","Tesla","0","1","0","Tesla Destination"
"360225","1","Toyota Place - UV Lot","9444 Trask Ave","Garden Grove","CA","92844","nibarron@ucdavis.edu","(-117.9637654, 33.76627605","1","0","1","0","Adapter","0","16","0","CHARGELAB"
"360296","1","Town Center at the Preserve - Tesla Supercharger","16287 Main St","Chino","CA","91708","irereyes@ucdavis.edu","(-117.623658, 33.957375","1","1","1","0","Tesla","0","0","20","Tesla"
"360773","1","Pilot Travel Center 137","395 E. Vista Drive","Weed","CA","96094","eeboyd@ucdavis.edu","(-122.37635, 41.39931","1","0","0","0","Adapter","0","0","4","eVgo Network"
"360891","1","CHURN CREEK CHURN CREEK-1","3110 Churn Creek Road","Redding","CA","96002","dchau@ucdavis.edu","(-122.35378, 40.56221","1","0","1","0","Tesla","0","2","0","ChargePoint Network"
"100150221","1","Belle Mill Landing - Tesla Supercharger","82 Belle Mill Road","Red Bluff","CA","96080","dchau@ucdavis.edu","(-122.22754, 40.182245","1","1","1","0","Tesla","0","0","8","Tesla"
"100190504","1","Yreka, CA - Tesla Supercharger","1808 Fort Jones Road","Yreka","CA","96097","dchau@ucdavis.edu","(-122.645088, 41.701531","1","1","1","0","Tesla","0","0","12","Tesla"
"100207276","1","Morada Ranch - Tesla Supercharger","4255  East Morada Lane","Stockton","CA","95212","dchau@ucdavis.edu","(-121.261056, 38.038927","1","1","1","0","Tesla","0","0","12","Tesla"
"100216365","1","Golden Corral - Tesla Supercharger","2850   West Grant Line Road","Tracy","CA","95304","nibarron@ucdavis.edu","(-121.467661, 37.752906","1","1","1","0","Tesla","0","0","12","Tesla"
"100217096","1","Holiday Market - Tesla Supercharger","20635  Gas Point Road","Cottonwood","CA","96022","dchau@ucdavis.edu","(-122.288043, 40.389124","1","1","1","0","Tesla","0","0","12","Tesla"
"100227708","1","Power Market - Tesla Supercharger","192 Lathrop Road","Lathrop","CA","95330","nibarron@ucdavis.edu","(-121.285962, 37.82615","1","1","1","0","Tesla","0","0","11","Tesla"
"100237624","1","Laguna Promenade - Tesla Supercharger","7119  Elk Grove Boulevard","Elk Grove","CA","95758","dchau@ucdavis.edu","(-121.418091, 38.409915","1","1","1","0","Tesla","0","0","12","Tesla"
"100237656","1","Burger King - Tesla Supercharger","30038 Road 8","Dunnigan","CA","95937","dchau@ucdavis.edu","(-121.951531, 38.862885","1","1","1","0","Tesla","0","0","8","Tesla"
"100256050","1","Woodcreek Plaza - Tesla Supercharger","3001  Travis Boulevard","Fairfield","CA","94534","dchau@ucdavis.edu","(-122.065423, 38.257563","1","1","1","0","Tesla","0","0","12","Tesla"
"100311233","1","Vacaville Commons Shopping Center - Tesla Supercharger","2098  Harbison Dr","Vacaville","CA","95687","irereyes@ucdavis.edu","(-121.963247, 38.362255","1","1","1","0","Tesla","0","0","12","Tesla"
"100321148","1","Browns Valley Marketplace - Tesla Supercharger","154 Browns Valley Pkwy","Vacaville","CA","95688","irereyes@ucdavis.edu","(-121.967965, 38.365253","1","1","1","0","Tesla","0","0","12","Tesla"
"100323265","1","Dixon Plaza - Tesla Supercharger","1285 Stratford Ave","Dixon","CA","95620","dchau@ucdavis.edu","(-121.839914, 38.457887","1","1","1","0","Tesla","0","0","12","Tesla"
"100331820","1","AM/PM - Tesla Supercharger","5025 Rhonda Rd","Anderson","CA","96007","dchau@ucdavis.edu","(-122.288766, 40.433622","1","1","1","0","Tesla","0","0","8","Tesla"
"100347087","1","Weed, CA - Tesla Supercharger","44 S Weed Blvd","Weed","CA","96094","dchau@ucdavis.edu","(-122.384685, 41.421752","1","1","1","0","Tesla","0","0","16","Tesla"
"100347650","1","Savemart - Tesla Supercharger","130 W Stockton St","Sonora","CA","95370","nibarron@ucdavis.edu","(-120.385836, 37.98274","1","1","1","0","Tesla","0","0","8","Tesla"
"100350087","1","Fairfield, CA - Waterman Boulevard - Tesla Supercharger","2401 Waterman Blvd","Fairfield","CA","94534","irereyes@ucdavis.edu","(-122.052808, 38.272952","1","1","1","0","Tesla","0","0","12","Tesla"
"100352632","1","Capistrano Plaza - Tesla Supercharger","26701 Verdugo St","San Juan Capistrano","CA","92675","irereyes@ucdavis.edu","(-117.664175, 33.503524","1","1","1","0","Tesla","0","0","12","Tesla"